PMCID	Title	Authors	Journal	Year	DOI
PMC12080225	HVSeeker: a deep-learning-based method for identification of host and viral DNA sequences.	Al-Najim Abdullatif, Hauns Sven, Tran Van Dinh, Backofen Rolf, Alkhnbashi Omer S	GigaScience	2025	10.1093/gigascience/giaf037
PMC12530094	ColoPola: A polarimetric imaging dataset for colorectal cancer detection.	Pham Thi-Thu-Hien, Vo Quoc-Hoang-Quyen, Nguyen Thao-Vi, Nguyen The-Hiep, Phan Quoc-Hung, Le Thanh-Hai	GigaScience	2025	10.1093/gigascience/giaf120
PMC12365963	CODARFE: Unlocking the prediction of continuous environmental variables based on microbiome.	Barbosa Murilo Caminotto, Marques da Silva João Fernando, Alves Leonardo Cardoso, Finn Robert D, Paschoal Alexandre Rossi	GigaScience	2025	10.1093/gigascience/giaf055
PMC11899596	Cerebellocerebral connectivity predicts body mass index: a new open-source Python-based framework for connectome-based predictive modeling.	Bachmann Tobias, Mueller Karsten, Kusnezow Simon N A, Schroeter Matthias L, Piaggi Paolo, Weise Christopher M	GigaScience	2025	10.1093/gigascience/giaf010
PMC11653894	A dataset profiling the multiomic landscape of the prefrontal cortex in amyotrophic lateral sclerosis.	Hausmann Fabian, Caldi Gomes Lucas, Hänzelmann Sonja, Khatri Robin, Oller Sergio, Gebelin Marie, Parvaz Mojan, Tzeplaeff Laura, Pasetto Laura, Zhou Qihui, Zelina Pavol, Edbauer Dieter, Pasterkamp R Jeroen, Rehrauer Hubert, Schlapbach Ralph, Carapito Christine, Bonetto Valentina, Bonn Stefan, Lingor Paul	GigaScience	2024	10.1093/gigascience/giae100
PMC11299106	MOBFinder: a tool for mobilization typing of plasmid metagenomic fragments based on a language model.	Feng Tao, Wu Shufang, Zhou Hongwei, Fang Zhencheng	GigaScience	2024	10.1093/gigascience/giae047
PMC10483879	Protein intrinsically disordered region prediction by combining neural architecture search and multi-objective genetic algorithm.	Tang Yi-Jun, Yan Ke, Zhang Xingyi, Tian Ye, Liu Bin	BMC biology	2023	10.1186/s12915-023-01672-5
PMC10716825	MLcps: machine learning cumulative performance score for classification problems.	Akshay Akshay, Abedi Masoud, Shekarchizadeh Navid, Burkhard Fiona C, Katoch Mitali, Bigger-Allen Alex, Adam Rosalyn M, Monastyrskaya Katia, Gheinani Ali Hashemi	GigaScience	2022	10.1093/gigascience/giad108
PMC10316696	Deep neural networks with knockoff features identify nonlinear causal relations and estimate effect sizes in complex biological systems.	Fan Zhenjiang, Kernan Kate F, Sriram Aditya, Benos Panayiotis V, Canna Scott W, Carcillo Joseph A, Kim Soyeon, Park Hyun Jung	GigaScience	2022	10.1093/gigascience/giad044
PMC9580958	SETH predicts nuances of residue disorder from protein embeddings.	Ilzhöfer Dagmar, Heinzinger Michael, Rost Burkhard	Frontiers in bioinformatics	2022	10.3389/fbinf.2022.1019597
PMC8553134	Machine learning to predict the source of campylobacteriosis using whole genome data.	Arning Nicolas, Sheppard Samuel K, Bayliss Sion, Clifton David A, Wilson Daniel J	PLoS genetics	2021	10.1371/journal.pgen.1009436
PMC8485143	Identification of Novel COVID-19 Biomarkers by Multiple Feature Selection Strategies.	Zhang Shuai, Qu Renliang, Wang Pengyan, Wang Shenghan	Computational and mathematical methods in medicine	2021	10.1155/2021/2203636
PMC8371605	Highly accurate protein structure prediction with AlphaFold.	Jumper John, Evans Richard, Pritzel Alexander, Green Tim, Figurnov Michael, Ronneberger Olaf, Tunyasuvunakool Kathryn, Bates Russ, Žídek Augustin, Potapenko Anna, Bridgland Alex, Meyer Clemens, Kohl Simon A A, Ballard Andrew J, Cowie Andrew, Romera-Paredes Bernardino, Nikolov Stanislav, Jain Rishub, Adler Jonas, Back Trevor, Petersen Stig, Reiman David, Clancy Ellen, Zielinski Michal, Steinegger Martin, Pacholska Michalina, Berghammer Tamas, Bodenstein Sebastian, Silver David, Vinyals Oriol, Senior Andrew W, Kavukcuoglu Koray, Kohli Pushmeet, Hassabis Demis	Nature	2021	10.1038/s41586-021-03819-2
PMC8259419	Machine learning model for identifying important clinical features for predicting remission in patients with rheumatoid arthritis treated with biologics.	Koo Bon San, Eun Seongho, Shin Kichul, Yoon Hyemin, Hong Chaelin, Kim Do-Hoon, Hong Seokchan, Kim Yong-Gil, Lee Chang-Keun, Yoo Bin, Oh Ji Seon	Arthritis research & therapy	2021	10.1186/s13075-021-02567-y
PMC8204819	A machine learning PROGRAM to identify COVID-19 and other diseases from hematology data.	Gladding Patrick A, Ayar Zina, Smith Kevin, Patel Prashant, Pearce Julia, Puwakdandawa Shalini, Tarrant Dianne, Atkinson Jon, McChlery Elizabeth, Hanna Merit, Gow Nick, Bhally Hasan, Read Kerry, Jayathissa Prageeth, Wallace Jonathan, Norton Sam, Kasabov Nick, Calude Cristian S, Steel Deborah, Mckenzie Colin	Future science OA	2021	10.2144/fsoa-2020-0207
PMC8192578	A new molecular classification to drive precision treatment strategies in primary Sjögren's syndrome.	Soret Perrine, Le Dantec Christelle, Desvaux Emiko, Foulquier Nathan, Chassagnol Bastien, Hubert Sandra, Jamin Christophe, Barturen Guillermo, Desachy Guillaume, Devauchelle-Pensec Valérie, Boudjeniba Cheïma, Cornec Divi, Saraux Alain, Jousse-Joulin Sandrine, Barbarroja Nuria, Rodríguez-Pintó Ignasi, De Langhe Ellen, Beretta Lorenzo, Chizzolini Carlo, Kovács László, Witte Torsten, , , Bettacchioli Eléonore, Buttgereit Anne, Makowska Zuzanna, Lesche Ralf, Borghi Maria Orietta, Martin Javier, Courtade-Gaiani Sophie, Xuereb Laura, Guedj Mickaël, Moingeon Philippe, Alarcón-Riquelme Marta E, Laigle Laurence, Pers Jacques-Olivier	Nature communications	2021	10.1038/s41467-021-23472-7
PMC8261512	A Noninvasive Multianalytical Approach for Lung Cancer Diagnosis of Patients with Pulmonary Nodules.	Liu Quan-Xing, Zhou Dong, Han Tian-Cheng, Lu Xiao, Hou Bing, Li Man-Yuan, Yang Gui-Xue, Li Qing-Yuan, Pei Zhi-Hua, Hong Yuan-Yuan, Zhang Ya-Xi, Chen Wei-Zhi, Zheng Hong, He Ji, Dai Ji-Gang	Advanced science (Weinheim, Baden-Wurttemberg, Germany)	2021	10.1002/advs.202100104
PMC8093828	Identifying the minimum amplicon sequence depth to adequately predict classes in eDNA-based marine biomonitoring using supervised machine learning.	Dully Verena, Wilding Thomas A, Mühlhaus Timo, Stoeck Thorsten	Computational and structural biotechnology journal	2021	10.1016/j.csbj.2021.04.005
PMC7794018	Intratumoral and Peritumoral Radiomics of Contrast-Enhanced CT for Prediction of Disease-Free Survival and Chemotherapy Response in Stage II/III Gastric Cancer.	Li Junmeng, Zhang Chao, Wei Jia, Zheng Peiming, Zhang Hui, Xie Yi, Bai Junwei, Zhu Zhonglin, Zhou Kangneng, Liang Xiaokun, Xie Yaoqin, Qin Tao	Frontiers in oncology	2020	10.3389/fonc.2020.552270
PMC7725002	Functional Connectivity Combined With a Machine Learning Algorithm Can Classify High-Risk First-Degree Relatives of Patients With Schizophrenia and Identify Correlates of Cognitive Impairments.	Liu Wenming, Zhang Xiao, Qiao Yuting, Cai Yanhui, Yin Hong, Zheng Minwen, Zhu Yuanqiang, Wang Huaning	Frontiers in neuroscience	2020	10.3389/fnins.2020.577568
PMC7596958	A new efficient method to detect genetic interactions for lung cancer GWAS.	Luyapan Jennifer, Ji Xuemei, Li Siting, Xiao Xiangjun, Zhu Dakai, Duell Eric J, Christiani David C, Schabath Matthew B, Arnold Susanne M, Zienolddiny Shanbeh, Brunnström Hans, Melander Olle, Thornquist Mark D, MacKenzie Todd A, Amos Christopher I, Gui Jiang	BMC medical genomics	2020	10.1186/s12920-020-00807-9
PMC7816647	Image-based pooled whole-genome CRISPRi screening for subcellular phenotypes.	Kanfer Gil, Sarraf Shireen A, Maman Yaakov, Baldwin Heather, Dominguez-Martin Eunice, Johnson Kory R, Ward Michael E, Kampmann Martin, Lippincott-Schwartz Jennifer, Youle Richard J	The Journal of cell biology	2021	10.1083/jcb.202006180
PMC7493359	Seagull: lasso, group lasso and sparse-group lasso regularization for linear regression models via proximal gradient descent.	Klosa Jan, Simon Noah, Westermark Pål Olof, Liebscher Volkmar, Wittenburg Dörte	BMC bioinformatics	2020	10.1186/s12859-020-03725-w
PMC7406221	Genome-Wide Analysis of RNA Decay in the Cyanobacterium <i>Synechococcus</i> sp. Strain PCC 7002.	Gordon Gina C, Cameron Jeffrey C, Gupta Sanjan T P, Engstrom Michael D, Reed Jennifer L, Pfleger Brian F	mSystems	2020	10.1128/msystems.00224-20
PMC7237030	BioConceptVec: Creating and evaluating literature-based biomedical concept embeddings on a large scale.	Chen Qingyu, Lee Kyubum, Yan Shankai, Kim Sun, Wei Chih-Hsuan, Lu Zhiyong	PLoS computational biology	2020	10.1371/journal.pcbi.1007617
PMC7142336	HMMPred: Accurate Prediction of DNA-Binding Proteins Based on HMM Profiles and XGBoost Feature Selection.	Sang Xiuzhi, Xiao Wanyue, Zheng Huiwen, Yang Yang, Liu Taigang	Computational and mathematical methods in medicine	2020	10.1155/2020/1384749
PMC6923882	Identification of lung cancer gene markers through kernel maximum mean discrepancy and information entropy.	Zhao Zhixun, Peng Hui, Zhang Xiaocai, Zheng Yi, Chen Fang, Fang Liang, Li Jinyan	BMC medical genomics	2019	10.1186/s12920-019-0630-4
PMC7054390	Development of PancRISK, a urine biomarker-based risk score for stratified screening of pancreatic cancer patients.	Blyuss Oleg, Zaikin Alexey, Cherepanova Valeriia, Munblit Daniel, Kiseleva Elena M, Prytomanova Olga M, Duffy Stephen W, Crnogorac-Jurcevic Tatjana	British journal of cancer	2020	10.1038/s41416-019-0694-0
PMC6743778	Benchmarking network propagation methods for disease gene identification.	Picart-Armada Sergio, Barrett Steven J, Willé David R, Perera-Lluna Alexandre, Gutteridge Alex, Dessailly Benoit H	PLoS computational biology	2019	10.1371/journal.pcbi.1007276
PMC6851483	Ensembling multiple raw coevolutionary features with deep residual neural networks for contact-map prediction in CASP13.	Li Yang, Zhang Chengxin, Bell Eric W, Yu Dong-Jun, Zhang Yang	Proteins	2019	10.1002/prot.25798
PMC6690680	A modeling and machine learning approach to ECG feature engineering for the detection of ischemia using pseudo-ECG.	Ledezma Carlos A, Zhou Xin, Rodríguez Blanca, Tan P J, Díaz-Zuccarini Vanessa	PloS one	2019	10.1371/journal.pone.0220294
PMC6594643	Pathogenicity and functional impact of non-frameshifting insertion/deletion variation in the human genome.	Pagel Kymberleigh A, Antaki Danny, Lian AoJie, Mort Matthew, Cooper David N, Sebat Jonathan, Iakoucheva Lilia M, Mooney Sean D, Radivojac Predrag	PLoS computational biology	2019	10.1371/journal.pcbi.1007112
PMC6817842	A reference map of murine cardiac transcription factor chromatin occupancy identifies dynamic and conserved enhancers.	Akerberg Brynn N, Gu Fei, VanDusen Nathan J, Zhang Xiaoran, Dong Rui, Li Kai, Zhang Bing, Zhou Bin, Sethi Isha, Ma Qing, Wasson Lauren, Wen Tong, Liu Jinhua, Dong Kunzhe, Conlon Frank L, Zhou Jiliang, Yuan Guo-Cheng, Zhou Pingzhu, Pu William T	Nature communications	2019	10.1038/s41467-019-12812-3
PMC6436896	Learning protein constitutive motifs from sequence data.	Tubiana Jérôme, Cocco Simona, Monasson Rémi	eLife	2019	10.7554/elife.39397
PMC6237755	Multi-omic and multi-view clustering algorithms: review and cancer benchmark.	Rappoport Nimrod, Shamir Ron	Nucleic acids research	2018	10.1093/nar/gky889
PMC6036855	An Extreme Learning Machine Based on Artificial Immune System.	Tian Hui-Yuan, Li Shi-Jian, Wu Tian-Qi, Yao Min	Computational intelligence and neuroscience	2018	10.1155/2018/3635845
PMC5773889	A boosting approach for prediction of protein-RNA binding residues.	Tang Yongjun, Liu Diwei, Wang Zixiang, Wen Ting, Deng Lei	BMC bioinformatics	2017	10.1186/s12859-017-1879-2
PMC5656045	DeepBipolar: Identifying genomic mutations for bipolar disorder via deep learning.	Sundaram Laksshman, Bhat Rajendra Rana, Viswanath Vivek, Li Xiaolin	Human mutation	2017	10.1002/humu.23272
PMC5821274	Precision Oncology beyond Targeted Therapy: Combining Omics Data with Machine Learning Matches the Majority of Cancer Cells to Effective Therapeutics.	Ding Michael Q, Chen Lujia, Cooper Gregory F, Young Jonathan D, Lu Xinghua	Molecular cancer research : MCR	2018	10.1158/1541-7786.mcr-17-0378
PMC5550971	Changes and classification in myocardial contractile function in the left ventricle following acute myocardial infarction.	Gao Hao, Aderhold Andrej, Mangion Kenneth, Luo Xiaoyu, Husmeier Dirk, Berry Colin	Journal of the Royal Society, Interface	2017	10.1098/rsif.2017.0203
PMC5104375	Machine Learning for Characterization of Insect Vector Feeding.	Willett Denis S, George Justin, Willett Nora S, Stelinski Lukasz L, Lapointe Stephen L	PLoS computational biology	2016	10.1371/journal.pcbi.1005158
PMC5034704	Molecular Properties of Drugs Interacting with SLC22 Transporters OAT1, OAT3, OCT1, and OCT2: A Machine-Learning Approach.	Liu Henry C, Goldenberg Anne, Chen Yuchen, Lun Christina, Wu Wei, Bush Kevin T, Balac Natasha, Rodriguez Paul, Abagyan Ruben, Nigam Sanjay K	The Journal of pharmacology and experimental therapeutics	2016	10.1124/jpet.116.232660
PMC5042084	Accurate contact predictions using covariation techniques and machine learning.	Kosciolek Tomasz, Jones David T	Proteins	2016	10.1002/prot.24863
PMC4315323	Performance of case-control rare copy number variation annotation in classification of autism.	Engchuan Worrawat, Dhindsa Kiret, Lionel Anath C, Scherer Stephen W, Chan Jonathan H, Merico Daniele	BMC medical genomics	2015	10.1186/1755-8794-8-s1-s7
PMC3340366	Linking the epigenome to the genome: correlation of different features to DNA methylation of CpG islands.	Wrzodek Clemens, Wrzodek Clemens, Büchel Finja, Hinselmann Georg, Eichner Johannes, Mittag Florian, Zell Andreas	PloS one	2012	10.1371/journal.pone.0035327
PMC3292016	Using support vector machine and evolutionary profiles to predict antifreeze protein sequences.	Zhao Xiaowei, Ma Zhiqiang, Yin Minghao	International journal of molecular sciences	2012	10.3390/ijms13022196
PMC3169429	Selective inhibition of DNA replicase assembly by a non-natural nucleotide: exploiting the structural diversity of ATP-binding sites.	Eng Kevin, Scouten-Ponticelli Sarah K, Sutton Mark, Berdis Anthony	ACS chemical biology	2010	10.1021/cb900218c
PMC2752621	PineSAP--sequence alignment and SNP identification pipeline.	Wegrzyn Jill L, Lee Jennifer M, Liechty John, Neale David B	Bioinformatics (Oxford, England)	2009	10.1093/bioinformatics/btp477
PMC2213690	Combining classifiers to predict gene function in Arabidopsis thaliana using large-scale gene expression measurements.	Lan Hui, Carson Rachel, Provart Nicholas J, Bonner Anthony J	BMC bioinformatics	2007	10.1186/1471-2105-8-358
PMC1892091	Learning biophysically-motivated parameters for alpha helix prediction.	Gassend Blaise, O'Donnell Charles W, Thies William, Lee Andrew, van Dijk Marten, Devadas Srinivas	BMC bioinformatics	2007	10.1186/1471-2105-8-s5-s3
PMC11940444	PUNCH2: Explore the strategy for intrinsically disordered protein predictor.	Meng Di, Pollastri Gianluca	PloS one	2025	10.1371/journal.pone.0319208
PMC12153353	The FIP 1.0 Data Set: Highly resolved annotated image time series of 4,000 wheat plots grown in 6 years.	Roth Lukas, Boss Mike, Kirchgessner Norbert, Aasen Helge, Aguirre-Cuellar Brenda Patricia, Akiina Price Pius Atuah, Anderegg Jonas, Castillo Joaquin Gajardo, Chen Xiaoran, Corrado Simon, Cybulski Krzysztof, Keller Beat, Göbel Kortstee Stefan, Kronenberg Lukas, Liebisch Frank, Nousi Paraskevi, Oppliger Corina, Perich Gregor, Pfeifer Johannes, Yu Kang, Storni Nicola, Tschurr Flavian, Treier Simon, Volpi Michele, Zellweger Hansueli, Zumsteg Olivia, Hund Andreas, Walter Achim	GigaScience	2025	10.1093/gigascience/giaf051
PMC12569769	SurGen: 1020 H&amp;E-stained whole-slide images with survival and genetic markers.	Myles Craig, Um In Hwa, Marshall Craig, Harris-Birtill David, Harrison David J	GigaScience	2025	10.1093/gigascience/giaf086
PMC11878767	TransHLA: a Hybrid Transformer model for HLA-presented epitope detection.	Lu Tianchi, Wang Xueying, Nie Wan, Huo Miaozhe, Li Shuaicheng	GigaScience	2025	10.1093/gigascience/giaf008
PMC10940896	Julearn: an easy-to-use library for leakage-free evaluation and inspection of ML models.	Hamdan Sami, More Shammi, Sasse Leonard, Komeyer Vera, Patil Kaustubh R, Raimondo Federico, 	GigaByte (Hong Kong, China)	2024	10.46471/gigabyte.113
PMC11959188	Deepdefense: annotation of immune systems in prokaryotes using deep learning.	Hauns Sven, Alkhnbashi Omer S, Backofen Rolf	GigaScience	2024	10.1093/gigascience/giae062
PMC11258913	spatiAlign: an unsupervised contrastive learning model for data integration of spatially resolved transcriptomics.	Zhang Chao, Liu Lin, Zhang Ying, Li Mei, Fang Shuangsang, Kang Qiang, Chen Ao, Xu Xun, Zhang Yong, Li Yuxiang	GigaScience	2024	10.1093/gigascience/giae042
PMC11512451	Discovering genotype-phenotype relationships with machine learning and the Visual Physiology Opsin Database (VPOD).	Frazer Seth A, Baghbanzadeh Mahdi, Rahnavard Ali, Crandall Keith A, Oakley Todd H	GigaScience	2024	10.1093/gigascience/giae073
PMC10776382	Accurate prediction of protein-nucleic acid complexes using RoseTTAFoldNA.	Baek Minkyung, McHugh Ryan, Anishchenko Ivan, Jiang Hanlun, Baker David, DiMaio Frank	Nature methods	2024	10.1038/s41592-023-02086-5
PMC10783149	Machine Learning Made Easy (MLme): a comprehensive toolkit for machine learning-driven data analysis.	Akshay Akshay, Katoch Mitali, Shekarchizadeh Navid, Abedi Masoud, Sharma Ankush, Burkhard Fiona C, Adam Rosalyn M, Monastyrskaya Katia, Gheinani Ali Hashemi	GigaScience	2024	10.1093/gigascience/giad111
PMC9757591	Classification of bacterial plasmid and chromosome derived sequences using machine learning.	Zou Xiaohui, Nguyen Marcus, Overbeek Jamie, Cao Bin, Davis James J	PloS one	2022	10.1371/journal.pone.0279280
PMC10646871	Euler characteristic curves and profiles: a stable shape invariant for big data problems.	Dłotko Paweł, Gurnari Davide	GigaScience	2022	10.1093/gigascience/giad094
PMC10600917	Machine learning-based feature selection to search stable microbial biomarkers: application to inflammatory bowel disease.	Lee Youngro, Cappellato Marco, Di Camillo Barbara	GigaScience	2022	10.1093/gigascience/giad083
PMC10087011	Delineating regions of interest for mass spectrometry imaging by multimodally corroborated spatial segmentation.	Guo Ang, Chen Zhiyu, Li Fang, Luo Qian	GigaScience	2022	10.1093/gigascience/giad021
PMC9329459	ProtGPT2 is a deep unsupervised language model for protein design.	Ferruz Noelia, Schmidt Steffen, Höcker Birte	Nature communications	2022	10.1038/s41467-022-32007-7
PMC8668950	Protein embeddings and deep learning predict binding residues for various ligand classes.	Littmann Maria, Heinzinger Michael, Dallago Christian, Weissenow Konstantin, Rost Burkhard	Scientific reports	2021	10.1038/s41598-021-03431-4
PMC8843059	COVID-19 Screening in Chest X-Ray Images Using Lung Region Priors.	An Jianpeng, Cai Qing, Qu Zhiyong, Gao Zhongke	IEEE journal of biomedical and health informatics	2021	10.1109/jbhi.2021.3104629
PMC8328792	Predictive models for mild cognitive impairment to Alzheimer's disease conversion.	Skolariki Konstantina, Terrera Graciella Muniz, Danso Samuel O	Neural regeneration research	2021	10.4103/1673-5374.306071
PMC8295265	flDPnn: Accurate intrinsic disorder prediction with putative propensities of disorder functions.	Hu Gang, Hu Gang, Katuwawala Akila, Wang Kui, Wu Zhonghua, Ghadermarzi Sina, Gao Jianzhao, Kurgan Lukasz	Nature communications	2021	10.1038/s41467-021-24773-7
PMC8100172	Regression plane concept for analysing continuous cellular processes with machine learning.	Szkalisity Abel, Piccinini Filippo, Beleon Attila, Balassa Tamas, Varga Istvan Gergely, Migh Ede, Molnar Csaba, Paavolainen Lassi, Timonen Sanna, Banerjee Indranil, Ikonen Elina, Yamauchi Yohei, Ando Istvan, Peltonen Jaakko, Pietiäinen Vilja, Honti Viktor, Horvath Peter	Nature communications	2021	10.1038/s41467-021-22866-x
PMC8067080	The Budapest Amyloid Predictor and Its Applications.	Keresztes László, Szögi Evelin, Varga Bálint, Farkas Viktor, Perczel András, Grolmusz Vince	Biomolecules	2021	10.3390/biom11040500
PMC8019900	Improving the Prediction of Benign or Malignant Breast Masses Using a Combination of Image Biomarkers and Clinical Parameters.	Cui Yanhua, Li Yun, Xing Dong, Bai Tong, Dong Jiwen, Zhu Jian	Frontiers in oncology	2021	10.3389/fonc.2021.629321
PMC7933593	Construction and Comprehensive Analyses of a METTL5-Associated Prognostic Signature With Immune Implication in Lung Adenocarcinomas.	Sun Sijin, Fei Kailun, Zhang Guochao, Wang Juhong, Yang Yannan, Guo Wei, Yang Zhenlin, Wang Jie, Xue Qi, Gao Yibo, He Jie	Frontiers in genetics	2020	10.3389/fgene.2020.617174
PMC7845959	Genome-wide prediction of topoisomerase IIβ binding by architectural factors and chromatin accessibility.	Martínez-García Pedro Manuel, García-Torres Miguel, Divina Federico, Terrón-Bautista José, Delgado-Sainz Irene, Gómez-Vela Francisco, Cortés-Ledesma Felipe	PLoS computational biology	2021	10.1371/journal.pcbi.1007814
PMC7692026	NeProc predicts binding segments in intrinsically disordered regions without learning binding region sequences.	Anbo Hiroto, Amagai Hiroki, Fukuchi Satoshi	Biophysics and physicobiology	2020	10.2142/biophysico.bsj-2020026
PMC7721480	Identifying 8-mRNAsi Based Signature for Predicting Survival in Patients With Head and Neck Squamous Cell Carcinoma via Machine Learning.	Tian Yuxi, Wang Juncheng, Qin Chao, Zhu Gangcai, Chen Xuan, Chen Zhixiang, Qin Yuexiang, Wei Ming, Li Zhexuan, Zhang Xin, Lv Yunxia, Cai Gengming	Frontiers in genetics	2020	10.3389/fgene.2020.566159
PMC7648120	MRI-based machine learning radiomics can predict HER2 expression level and pathologic response after neoadjuvant therapy in HER2 overexpressing breast cancer.	Bitencourt Almir G V, Gibbs Peter, Rossi Saccarelli Carolina, Daimiel Isaac, Lo Gullo Roberto, Fox Michael J, Thakur Sunitha, Pinker Katja, Morris Elizabeth A, Morrow Monica, Jochelson Maxine S	EBioMedicine	2020	10.1016/j.ebiom.2020.103042
PMC7156652	Computational analysis of pathological images enables a better diagnosis of TFE3 Xp11.2 translocation renal cell carcinoma.	Cheng Jun, Han Zhi, Mehra Rohit, Shao Wei, Cheng Michael, Feng Qianjin, Ni Dong, Huang Kun, Cheng Liang, Zhang Jie	Nature communications	2020	10.1038/s41467-020-15671-5
PMC6664791	IRESpy: an XGBoost model for prediction of internal ribosome entry sites.	Wang Junhui, Gribskov Michael	BMC bioinformatics	2019	10.1186/s12859-019-2999-7
PMC6457539	Estimation of the breadth of CD4bs targeting HIV antibodies by molecular modeling and machine learning.	Conti Simone, Karplus Martin	PLoS computational biology	2019	10.1371/journal.pcbi.1006954
PMC9328381	Profiling of Gene Expression Biomarkers as a Classifier of Methotrexate Nonresponse in Patients With Rheumatoid Arthritis.	Plant Darren, Maciejewski Mateusz, Smith Samantha, Nair Nisha, , Hyrich Kimme, Ziemek Daniel, Barton Anne, Verstappen Suzanne	Arthritis & rheumatology (Hoboken, N.J.)	2019	10.1002/art.40810
PMC6548586	Metabolome-based signature of disease pathology in MS.	Andersen S L, Briggs F B S, Winnike J H, Natanzon Y, Maichle S, Knagge K J, Newby L K, Gregory S G	Multiple sclerosis and related disorders	2019	10.1016/j.msard.2019.03.006
PMC6708480	Unsupervised classification of multi-omics data during cardiac remodeling using deep learning.	Chung Neo Christopher, Mirza Bilal, Choi Howard, Wang Jie, Wang Ding, Ping Peipei, Wang Wei	Methods (San Diego, Calif.)	2019	10.1016/j.ymeth.2019.03.004
PMC6386402	Machine learning models for early sepsis recognition in the neonatal intensive care unit using readily available electronic health record data.	Masino Aaron J, Harris Mary Catherine, Forsyth Daniel, Ostapenko Svetlana, Srinivasan Lakshmi, Bonafide Christopher P, Balamuth Fran, Schmatz Melissa, Grundmeier Robert W	PloS one	2019	10.1371/journal.pone.0212665
PMC6242780	Artificial Intelligence Understands Peptide Observability and Assists With Absolute Protein Quantification.	Zimmer David, Schneider Kevin, Sommer Frederik, Schroda Michael, Mühlhaus Timo	Frontiers in plant science	2018	10.3389/fpls.2018.01559
PMC6214495	LogLoss-BERAF: An ensemble-based machine learning model for constructing highly accurate diagnostic sets of methylation sites accounting for heterogeneity in prostate cancer.	Babalyan K, Sultanov R, Generozov E, Sharova E, Kostryukova E, Larin A, Kanygina A, Govorun V, Arapidi G	PloS one	2018	10.1371/journal.pone.0204371
PMC5910428	Computational Protein Design with Deep Learning Neural Networks.	Wang Jingxue, Cao Huali, Zhang John Z H, Qi Yifei	Scientific reports	2018	10.1038/s41598-018-24760-x
PMC5930664	Prediction of plant lncRNA by ensemble machine learning classifiers.	Simopoulos Caitlin M A, Weretilnyk Elizabeth A, Golding G Brian	BMC genomics	2018	10.1186/s12864-018-4665-2
PMC5517062	Classification and analysis of a large collection of in vivo bioassay descriptions.	Zwierzyna Magdalena, Overington John P	PLoS computational biology	2017	10.1371/journal.pcbi.1005641
PMC5870574	Large-scale structure prediction by improved contact predictions and model quality assessment.	Michel Mirco, Menéndez Hurtado David, Uziela Karolis, Elofsson Arne	Bioinformatics (Oxford, England)	2017	10.1093/bioinformatics/btx239
PMC5113897	Identification of an Efficient Gene Expression Panel for Glioblastoma Classification.	Crisman Thomas J, Zelaya Ivette, Laks Dan R, Zhao Yining, Kawaguchi Riki, Gao Fuying, Kornblum Harley I, Coppola Giovanni	PloS one	2016	10.1371/journal.pone.0164649
PMC5775817	Detecting Pairwise Interactive Effects of Continuous Random Variables for Biomarker Identification with Small Sample Size.	Adl Amin Ahmadi, Lee Hye-Seung, Qian Xiaoning	IEEE/ACM transactions on computational biology and bioinformatics	2017	10.1109/tcbb.2016.2586042
PMC4908364	DFLpred: High-throughput prediction of disordered flexible linker regions in protein sequences.	Meng Fanchi, Kurgan Lukasz	Bioinformatics (Oxford, England)	2016	10.1093/bioinformatics/btw280
PMC4931851	Deep biomarkers of human aging: Application of deep neural networks to biomarker development.	Putin Evgeny, Mamoshina Polina, Aliper Alexander, Korzinkin Mikhail, Moskalev Alexey, Kolosov Alexey, Ostrovskiy Alexander, Cantor Charles, Vijg Jan, Zhavoronkov Alex	Aging	2016	10.18632/aging.100968
PMC4773135	Reconstructing Causal Biological Networks through Active Learning.	Cho Hyunghoon, Berger Bonnie, Peng Jian	PloS one	2016	10.1371/journal.pone.0150611
PMC4466774	A Ranking Approach to Genomic Selection.	Blondel Mathieu, Onogi Akio, Iwata Hiroyoshi, Ueda Naonori	PloS one	2015	10.1371/journal.pone.0128570
PMC4289375	What do all the (human) micro-RNAs do?	Ultsch Alfred, Lötsch Jörn	BMC genomics	2014	10.1186/1471-2164-15-976
PMC4380029	DISOPRED3: precise disordered region predictions with annotated protein-binding activity.	Jones David T, Cozzetto Domenico	Bioinformatics (Oxford, England)	2015	10.1093/bioinformatics/btu744
PMC3967921	An integrated model of multiple-condition ChIP-Seq data reveals predeterminants of Cdx2 binding.	Mahony Shaun, Edwards Matthew D, Mazzoni Esteban O, Sherwood Richard I, Kakumanu Akshay, Morrison Carolyn A, Wichterle Hynek, Gifford David K	PLoS computational biology	2014	10.1371/journal.pcbi.1003501
PMC2660303	Identification of novel DNA repair proteins via primary sequence, secondary structure, and homology.	Brown J B, Akutsu Tatsuya	BMC bioinformatics	2009	10.1186/1471-2105-10-25
PMC11851125	SqueezeCall: nanopore basecalling using a Squeezeformer network.	Zhu Zhongxu	GigaByte (Hong Kong, China)	2025	10.46471/gigabyte.148
PMC11727722	Unveiling patterns in spatial transcriptomics data: a novel approach utilizing graph attention autoencoder and multiscale deep subspace clustering network.	Zhou Liqian, Peng Xinhuai, Chen Min, He Xianzhi, Tian Geng, Yang Jialiang, Peng Lihong	GigaScience	2025	10.1093/gigascience/giae103
PMC12398281	Group-specific discriminant analysis enhances detection of sex differences in brain functional network lateralization.	Zhou Shuo, Luo Junhao, Jiang Yaya, Wang Haolin, Lu Haiping, Gong Gaolang	GigaScience	2025	10.1093/gigascience/giaf082
PMC11945317	High-fidelity wheat plant reconstruction using 3D Gaussian splatting and neural radiance fields.	Stuart Lewis A G, Wells Darren M, Atkinson Jonathan A, Castle-Green Simon, Walker Jack, Pound Michael P	GigaScience	2025	10.1093/gigascience/giaf022
PMC12099614	A Case for estradiol: younger brains in women with earlier menarche and later menopause.	Luders Eileen, Poromaa Inger Sundström, Barth Claudia, Gaser Christian	GigaScience	2025	10.1093/gigascience/giaf060
PMC11927397	Healthy microbiome-moving towards functional interpretation.	Zielińska Kinga, Udekwu Klas I, Rudnicki Witold, Frolova Alina, Łabaj Paweł P	GigaScience	2025	10.1093/gigascience/giaf015
PMC11912559	NanoMnT: an STR analysis tool for Oxford Nanopore sequencing data driven by a comprehensive analysis of error profile in STR regions.	Park Gyumin, An Hyunsu, Luo Han, Park Jihwan	GigaScience	2025	10.1093/gigascience/giaf013
PMC11816797	Unlocking the power of AI for phenotyping fruit morphology in Arabidopsis.	Atkins Kieran, Garzón-Martínez Gina A, Lloyd Andrew, Doonan John H, Lu Chuan	GigaScience	2025	10.1093/gigascience/giae123
PMC11223784	AIUPred: combining energy estimation with deep learning for the enhanced prediction of protein disorder.	Erdős Gábor, Dosztányi Zsuzsanna	Nucleic acids research	2024	10.1093/nar/gkae385
PMC10653424	FUN-PROSE: A deep learning approach to predict condition-specific gene expression in fungi.	Nambiar Ananthan, Dubinkina Veronika, Liu Simon, Maslov Sergei	PLoS computational biology	2023	10.1371/journal.pcbi.1011563
PMC11034027	Large-scale genomic survey with deep learning-based method reveals strain-level phage specificity determinants.	Yang Yiyan, Dufault-Thompson Keith, Yan Wei, Cai Tian, Xie Lei, Jiang Xiaofang	GigaScience	2024	10.1093/gigascience/giae017
PMC11238428	Omada: robust clustering of transcriptomes through multiple testing.	Kariotis Sokratis, Tan Pei Fang, Lu Haiping, Rhodes Christopher J, Wilkins Martin R, Lawrie Allan, Wang Dennis	GigaScience	2024	10.1093/gigascience/giae039
PMC9805592	DeepRank-GNN: a graph neural network framework to learn patterns in protein-protein interfaces.	Réau Manon, Renaud Nicolas, Xue Li C, Bonvin Alexandre M J J	Bioinformatics (Oxford, England)	2023	10.1093/bioinformatics/btac759
PMC10541796	Confound-leakage: confound removal in machine learning leads to leakage.	Hamdan Sami, Love Bradley C, von Polier Georg G, Weis Susanne, Schwender Holger, Eickhoff Simon B, Patil Kaustubh R	GigaScience	2022	10.1093/gigascience/giad071
PMC9252801	DeepLoc 2.0: multi-label subcellular localization prediction using protein language models.	Thumuluri Vineet, Almagro Armenteros José Juan, Johansen Alexander Rosenberg, Nielsen Henrik, Winther Ole	Nucleic acids research	2022	10.1093/nar/gkac278
PMC8352508	Generating property-matched decoy molecules using deep learning.	Imrie Fergus, Bradley Anthony R, Deane Charlotte M	Bioinformatics (Oxford, England)	2021	10.1093/bioinformatics/btab080
PMC8336795	Machine learning reveals mesenchymal breast carcinoma cell adaptation in response to matrix stiffness.	Rozova Vlada S, Anwer Ayad G, Guller Anna E, Es Hamidreza Aboulkheyr, Khabir Zahra, Sokolova Anastasiya I, Gavrilov Maxim U, Goldys Ewa M, Warkiani Majid Ebrahimi, Thiery Jean Paul, Zvyagin Andrei V	PLoS computational biology	2021	10.1371/journal.pcbi.1009193
PMC8182908	Predicting anticancer hyperfoods with graph convolutional networks.	Gonzalez Guadalupe, Gong Shunwang, Laponogov Ivan, Bronstein Michael, Veselkov Kirill	Human genomics	2021	10.1186/s40246-021-00333-4
PMC8162250	Identification of Diagnostic CpG Signatures in Patients with Gestational Diabetes Mellitus <i>via</i> Epigenome-Wide Association Study Integrated with Machine Learning.	Liu Yan, Geng Hui, Duan Bide, Yang Xiuzhi, Ma Airong, Ding Xiaoyan	BioMed research international	2021	10.1155/2021/1984690
PMC8125376	Comparison of Targeted and Untargeted Approaches in Breath Analysis for the Discrimination of Lung Cancer from Benign Pulmonary Diseases and Healthy Persons.	Koureas Michalis, Kalompatsios Dimitrios, Amoutzias Grigoris D, Hadjichristodoulou Christos, Gourgoulianis Konstantinos, Tsakalof Andreas	Molecules (Basel, Switzerland)	2021	10.3390/molecules26092609
PMC8100175	CopulaNet: Learning residue co-evolution directly from multiple sequence alignment for protein structure prediction.	Ju Fusong, Zhu Jianwei, Shao Bin, Kong Lupeng, Liu Tie-Yan, Zheng Wei-Mou, Bu Dongbo	Nature communications	2021	10.1038/s41467-021-22869-8
PMC7876317	Identification of Gene Signatures and Expression Patterns During Epithelial-to-Mesenchymal Transition From Single-Cell Expression Atlas.	Yu Xiangtian, Pan XiaoYong, Zhang ShiQi, Zhang Yu-Hang, Chen Lei, Wan Sibao, Huang Tao, Cai Yu-Dong	Frontiers in genetics	2020	10.3389/fgene.2020.605012
PMC7682087	Mal-Prec: computational prediction of protein Malonylation sites via machine learning based feature integration : Malonylation site prediction.	Liu Xin, Wang Liang, Li Jian, Hu Junfeng, Zhang Xiao	BMC genomics	2020	10.1186/s12864-020-07166-w
PMC7591939	A Method for Identifying Vesicle Transport Proteins Based on LibSVM and MRMD.	Tao Zhiyu, Li Yanjuan, Teng Zhixia, Zhao Yuming	Computational and mathematical methods in medicine	2020	10.1155/2020/8926750
PMC7520974	FibroBox: a novel noninvasive tool for predicting significant liver fibrosis and cirrhosis in HBV infected patients.	Lu Xiao-Jie, Yang Xiao-Jun, Sun Jing-Yu, Zhang Xin, Yuan Zhao-Xin, Li Xiu-Hui	Biomarker research	2020	10.1186/s40364-020-00215-2
PMC7569858	Targeted Metabolic Profiling of Urine Highlights a Potential Biomarker Panel for the Diagnosis of Alzheimer's Disease and Mild Cognitive Impairment: A Pilot Study.	Yilmaz Ali, Ugur Zafer, Bisgin Halil, Akyol Sumeyya, Bahado-Singh Ray, Wilson George, Imam Khaled, Maddens Michael E, Graham Stewart F	Metabolites	2020	10.3390/metabo10090357
PMC7442807	Machine learning for effectively avoiding overfitting is a crucial strategy for the genetic prediction of polygenic psychiatric phenotypes.	Takahashi Yuta, Ueki Masao, Tamiya Gen, Ogishima Soichi, Kinoshita Kengo, Hozawa Atsushi, Minegishi Naoko, Nagami Fuji, Fukumoto Kentaro, Otsuka Kotaro, Tanno Kozo, Sakata Kiyomi, Shimizu Atsushi, Sasaki Makoto, Sobue Kenji, Kure Shigeo, Yamamoto Masayuki, Tomita Hiroaki	Translational psychiatry	2020	10.1038/s41398-020-00957-5
PMC7297119	RNA-GPS predicts high-resolution RNA subcellular localization and highlights the role of splicing.	Wu Kevin E, Parker Kevin R, Fazal Furqan M, Chang Howard Y, Zou James	RNA (New York, N.Y.)	2020	10.1261/rna.074161.119
PMC7073919	Temporal Stability and Prognostic Biomarker Potential of the Prostate Cancer Urine miRNA Transcriptome.	Jeon Jouhyun, Olkhov-Mitsel Ekaterina, Xie Honglei, Yao Cindy Q, Zhao Fang, Jahangiri Sahar, Cuizon Carmelle, Scarcello Seville, Jeyapala Renu, Watson John D, Fraser Michael, Ray Jessica, Commisso Kristina, Loblaw Andrew, Fleshner Neil E, Bristow Robert G, Downes Michelle, Vesprini Danny, Liu Stanley, Bapat Bharati, Boutros Paul C	Journal of the National Cancer Institute	2020	10.1093/jnci/djz112
PMC7035778	A self-attention based message passing neural network for predicting molecular lipophilicity and aqueous solubility.	Tang Bowen, Kramer Skyler T, Fang Meijuan, Qiu Yingkun, Wu Zhen, Xu Dong	Journal of cheminformatics	2020	10.1186/s13321-020-0414-z
PMC7068237	Gene expression profiling identified TP53<sup>Mut</sup>PIK3CA<sup>Wild</sup> as a potential biomarker for patients with triple-negative breast cancer treated with immune checkpoint inhibitors.	Cheng Jia'Nan, Ding Xiaofang, Xu Shouxia, Zhu Bo, Jia Qingzhu	Oncology letters	2020	10.3892/ol.2020.11381
PMC7212484	SPOT-Disorder2: Improved Protein Intrinsic Disorder Prediction by Ensembled Deep Learning.	Hanson Jack, Paliwal Kuldip K, Litfin Thomas, Zhou Yaoqi	Genomics, proteomics & bioinformatics	2019	10.1016/j.gpb.2019.01.004
PMC6732622	Predicting Drug-Disease Associations via Using Gaussian Interaction Profile and Kernel-Based Autoencoder.	Jiang Han-Jing, Huang Yu-An, You Zhu-Hong, You Zhu-Hong	BioMed research international	2019	10.1155/2019/2426958
PMC6657583	Aneugen Molecular Mechanism Assay: Proof-of-Concept With 27 Reference Chemicals.	Bernacki Derek T, Bryce Steven M, Bemis Jeffrey C, Dertinger Stephen D	Toxicological sciences : an official journal of the Society of Toxicology	2019	10.1093/toxsci/kfz123
PMC6715517	Quantification of Uncertainty in Peptide-MHC Binding Prediction Improves High-Affinity Peptide Selection for Therapeutic Design.	Zeng Haoyang, Gifford David K	Cell systems	2019	10.1016/j.cels.2019.05.004
PMC6737184	A directed learning strategy integrating multiple omic data improves genomic prediction.	Hu Xuehai, Xie Weibo, Wu Chengchao, Xu Shizhong	Plant biotechnology journal	2019	10.1111/pbi.13117
PMC6495231	Intermittent Hypoxia and Hypercapnia Reproducibly Change the Gut Microbiome and Metabolome across Rodent Model Systems.	Tripathi Anupriya, Xu Zhenjiang Zech, Xue Jin, Poulsen Orit, Gonzalez Antonio, Humphrey Gregory, Meehan Michael J, Melnik Alexey V, Ackermann Gail, Zhou Dan, Malhotra Atul, Haddad Gabriel G, Dorrestein Pieter C, Knight Rob	mSystems	2019	10.1128/msystems.00058-19
PMC6394031	MaGIC: a machine learning tool set and web application for monoallelic gene inference from chromatin.	Vinogradova Svetlana, Saksena Sachit D, Ward Henry N, Vigneau Sébastien, Gimelbrant Alexander A	BMC bioinformatics	2019	10.1186/s12859-019-2679-7
PMC6459551	Adaptive multi-view multi-label learning for identifying disease-associated candidate miRNAs.	Liang Cheng, Yu Shengpeng, Luo Jiawei	PLoS computational biology	2019	10.1371/journal.pcbi.1006931
PMC6214550	Predicting bacterial growth conditions from mRNA and protein abundances.	Caglar M Umut, Hockenberry Adam J, Wilke Claus O	PloS one	2018	10.1371/journal.pone.0206634
PMC6091426	P2Rank: machine learning based tool for rapid and accurate prediction of ligand binding sites from protein structure.	Krivák Radoslav, Hoksza David	Journal of cheminformatics	2018	10.1186/s13321-018-0285-8
PMC6036478	Cross talk of chromosome instability, CpG island methylator phenotype and mismatch repair in colorectal cancer.	Zhang Tian-Ming, Huang Tao, Wang Rong-Fei	Oncology letters	2018	10.3892/ol.2018.8860
PMC5860171	Gating mass cytometry data by deep learning.	Li Huamin, Shaham Uri, Stanton Kelly P, Yao Yi, Montgomery Ruth R, Kluger Yuval	Bioinformatics (Oxford, England)	2017	10.1093/bioinformatics/btx448
PMC5650527	From flamingo dance to (desirable) drug discovery: a nature-inspired approach.	Sánchez-Rodríguez Aminael, Pérez-Castillo Yunierkis, Schürer Stephan C, Nicolotti Orazio, Mangiatordi Giuseppe Felice, Borges Fernanda, Cordeiro M Natalia D S, Tejera Eduardo, Medina-Franco José L, Cruz-Monteagudo Maykel	Drug discovery today	2017	10.1016/j.drudis.2017.05.008
PMC5120500	Comparative genomics of European avian pathogenic E. Coli (APEC).	Cordoni Guido, Woodward Martin J, Wu Huihai, Alanazi Mishaal, Wallis Tim, La Ragione Roberto M	BMC genomics	2016	10.1186/s12864-016-3289-7
PMC4834164	The Virtual Screening of the Drug Protein with a Few Crystal Structures Based on the Adaboost-SVM.	Wang Meng-yu, Li Peng, Qiao Pei-li	Computational and mathematical methods in medicine	2016	10.1155/2016/4809831
PMC4315436	Exploring bacterial organelle interactomes: a model of the protein-protein interaction network in the Pdu microcompartment.	Jorda Julien, Liu Yu, Bobik Thomas A, Yeates Todd O	PLoS computational biology	2015	10.1371/journal.pcbi.1004067
PMC3912131	Machine learning techniques accurately classify microbial communities by bacterial vaginosis characteristics.	Beck Daniel, Foster James A	PloS one	2014	10.1371/journal.pone.0087830
PMC3009519	Computational prediction of type III secreted proteins from gram-negative bacteria.	Yang Yang, Zhao Jiayuan, Morgan Robyn L, Ma Wenbo, Jiang Tao	BMC bioinformatics	2010	10.1186/1471-2105-11-s1-s47
PMC1847686	Predicting protein function by machine learning on amino acid sequences--a critical evaluation.	Al-Shahib Ali, Breitling Rainer, Gilbert David R	BMC genomics	2007	10.1186/1471-2164-8-78
PMC12366053	NetStart 2.0: prediction of eukaryotic translation initiation sites using a protein language model.	Nielsen Line Sandvad, Pedersen Anders Gorm, Winther Ole, Nielsen Henrik	BMC bioinformatics	2025	10.1186/s12859-025-06220-2
PMC11811528	Opaque ontology: neuroimaging classification of ICD-10 diagnostic groups in the UK Biobank.	Easley Ty, Luo Xiaoke, Hannon Kayla, Lenzini Petra, Bijsterbosch Janine	GigaScience	2025	10.1093/gigascience/giae119
PMC12077394	Spatial integration of multi-omics data from serial sections using the novel Multi-Omics Imaging Integration Toolset.	Wess Maximilian, Andersen Maria K, Midtbust Elise, Guillem Juan Carlos Cabellos, Viset Trond, Størkersen Øystein, Krossa Sebastian, Rye Morten Beck, Tessem May-Britt	GigaScience	2025	10.1093/gigascience/giaf035
PMC11837757	A novel dataset for nuclei and tissue segmentation in melanoma with baseline nuclei segmentation and tissue segmentation benchmarks.	Schuiveling Mark, Liu Hong, Eek Daniel, Breimer Gerben E, Suijkerbuijk Karijn P M, Blokx Willeke A M, Veta Mitko	GigaScience	2025	10.1093/gigascience/giaf011
PMC12596181	CryoDataBot: a pipeline to curate cryoEM datasets for AI-driven structural biology.	Xu Qibo, Wu Leon, Rebelo Michael, Feng Shi, Yu Xinye, Farheen Farhanaz, Kihara Daisuke, Zhou Z Hong	GigaScience	2025	10.1093/gigascience/giaf127
PMC12532321	PanGIA: A universal framework for identifying association between ncRNAs and diseases.	Liu Xiaoyuan, Lü Xiye, Chen Qiuhao, Sun Jiqiu, Zhao Tianyi, Zhu Yan	GigaScience	2025	10.1093/gigascience/giaf123
PMC11340644	RNAVirHost: a machine learning-based method for predicting hosts of RNA viruses through viral genomes.	Chen Guowei, Jiang Jingzhe, Sun Yanni	GigaScience	2024	10.1093/gigascience/giae059
PMC11734293	Learning a generalized graph transformer for protein function prediction in dissimilar sequences.	Fu Yiwei, Gu Zhonghui, Luo Xiao, Guo Qirui, Lai Luhua, Deng Minghua	GigaScience	2024	10.1093/gigascience/giae093
PMC10730818	Merizo: a rapid and accurate protein domain segmentation method using invariant point attention.	Lau Andy M, Kandathil Shaun M, Jones David T	Nature communications	2023	10.1038/s41467-023-43934-4
PMC10684096	A machine learning-enabled open biodata resource inventory from the scientific literature.	Imker Heidi J, Schackart Kenneth E, Istrate Ana-Maria, Cook Charles E	PloS one	2023	10.1371/journal.pone.0294812
PMC10821710	MMV_Im2Im: an open-source microscopy machine vision toolbox for image-to-image transformation.	Sonneck Justin, Zhou Yu, Chen Jianxu	GigaScience	2024	10.1093/gigascience/giad120
PMC11659981	scGraph2Vec: a deep generative model for gene embedding augmented by graph neural network and single-cell omics data.	Lin Shiqi, Jia Peilin	GigaScience	2024	10.1093/gigascience/giae108
PMC10174551	ResMiCo: Increasing the quality of metagenome-assembled genomes with deep learning.	Mineeva Olga, Danciu Daniel, Schölkopf Bernhard, Ley Ruth E, Rätsch Gunnar, Youngblut Nicholas D	PLoS computational biology	2023	10.1371/journal.pcbi.1011001
PMC10659119	Variability analysis of LC-MS experimental factors and their impact on machine learning		GigaScience	2023	
PMC10441000	KGML-xDTD: a knowledge graph-based machine learning framework for drug treatment prediction and mechanism description.	Ma Chunyu, Zhou Zhihan, Liu Han, Koslicki David	GigaScience	2022	10.1093/gigascience/giad057
PMC9681730	DeepPROTACs is a deep learning-based targeted degradation predictor for PROTACs.	Li Fenglei, Hu Qiaoyu, Zhang Xianglei, Sun Renhong, Liu Zhuanghua, Wu Sanan, Tian Siyuan, Ma Xinyue, Dai Zhizhuo, Yang Xiaobao, Gao Shenghua, Bai Fang	Nature communications	2022	10.1038/s41467-022-34807-3
PMC10603766	SpheroScan: a user-friendly deep learning tool for spheroid image analysis.	Akshay Akshay, Katoch Mitali, Abedi Masoud, Shekarchizadeh Navid, Besic Mustafa, Burkhard Fiona C, Bigger-Allen Alex, Adam Rosalyn M, Monastyrskaya Katia, Gheinani Ali Hashemi	GigaScience	2022	10.1093/gigascience/giad082
PMC8554859	iTTCA-RF: a random forest predictor for tumor T cell antigens.	Jiao Shihu, Zou Quan, Guo Huannan, Shi Lei	Journal of translational medicine	2021	10.1186/s12967-021-03084-x
PMC8351329	Using a machine learning approach to identify key prognostic molecules for esophageal squamous cell carcinoma.	Li Meng-Xiang, Sun Xiao-Meng, Cheng Wei-Gang, Ruan Hao-Jie, Liu Ke, Chen Pan, Xu Hai-Jun, Gao She-Gan, Feng Xiao-Shan, Qi Yi-Jun	BMC cancer	2021	10.1186/s12885-021-08647-1
PMC8225676	Bioactivity descriptors for uncharacterized chemical compounds.	Bertoni Martino, Duran-Frigola Miquel, Badia-I-Mompel Pau, Pauls Eduardo, Orozco-Ruiz Modesto, Guitart-Pla Oriol, Alcalde Víctor, Diaz Víctor M, Berenguer-Llergo Antoni, Brun-Heath Isabelle, Villegas Núria, de Herreros Antonio García, Aloy Patrick	Nature communications	2021	10.1038/s41467-021-24150-4
PMC8185002	A deep learning approach to identify gene targets of a therapeutic for human splicing disorders.	Gao Dadi, Morini Elisabetta, Salani Monica, Krauson Aram J, Chekuri Anil, Sharma Neeraj, Ragavendran Ashok, Erdin Serkan, Logan Emily M, Li Wencheng, Dakka Amal, Narasimhan Jana, Zhao Xin, Naryshkin Nikolai, Trotta Christopher R, Effenberger Kerstin A, Woll Matthew G, Gabbeta Vijayalakshmi, Karp Gary, Yu Yong, Johnson Graham, Paquette William D, Cutting Garry R, Talkowski Michael E, Slaugenhaupt Susan A	Nature communications	2021	10.1038/s41467-021-23663-2
PMC8230313	Identification of Circulating Diagnostic Biomarkers for Coronary Microvascular Disease in Postmenopausal Women Using Machine-Learning Techniques.	Arredondo Eve Alicia, Tunc Elif, Liu Yu-Jeh, Agrawal Saumya, Erbak Yilmaz Huriye, Emren Sadık Volkan, Akyıldız Akçay Filiz, Mainzer Luidmila, Žurauskienė Justina, Madak Erdogan Zeynep	Metabolites	2021	10.3390/metabo11060339
PMC7751093	Analysis of heterogeneous genomic samples using image normalization and machine learning.	Basodi Sunitha, Baykal Pelin Icer, Zelikovsky Alex, Skums Pavel, Pan Yi	BMC genomics	2020	10.1186/s12864-020-6661-6
PMC7735824	PmDNE: Prediction of miRNA-Disease Association Based on Network Embedding and Network Similarity Analysis.	Li Junyi, Liu Ying, Zhang Zhongqing, Liu Bo, Wang Yadong	BioMed research international	2020	10.1155/2020/6248686
PMC7680913	Circulating Neutrophil Extracellular Traps Signature for Identifying Organ Involvement and Response to Glucocorticoid in Adult-Onset Still's Disease: A Machine Learning Study.	Jia Jinchao, Wang Mengyan, Ma Yuning, Teng Jialin, Shi Hui, Liu Honglei, Sun Yue, Su Yutong, Meng Jianfen, Chi Huihui, Chen Xia, Cheng Xiaobing, Ye Junna, Liu Tingting, Wang Zhihong, Wan Liyan, Zhou Zhuochao, Wang Fan, Yang Chengde, Hu Qiongyi	Frontiers in immunology	2020	10.3389/fimmu.2020.563335
PMC7602301	m5CPred-SVM: a novel method for predicting m5C sites of RNA.	Chen Xiao, Xiong Yi, Liu Yinbo, Chen Yuqing, Bi Shoudong, Zhu Xiaolei	BMC bioinformatics	2020	10.1186/s12859-020-03828-4
PMC7446623	Interplay between oxidative damage, the redox status, and metabolic biomarkers during long-term fasting.	Grundler Franziska, Mesnage Robin, Goutzourelas Nikolaos, Tekos Fotios, Makri Sotiria, Brack Michel, Kouretas Demetrios, Wilhelmi de Toledo Françoise	Food and chemical toxicology : an international journal published for the British Industrial Biological Research Association	2020	10.1016/j.fct.2020.111701
PMC7718328	Using neuronal extracellular vesicles and machine learning to predict cognitive deficits in HIV.	Pulliam Lynn, Liston Michael, Sun Bing, Narvid Jared	Journal of neurovirology	2020	10.1007/s13365-020-00877-6
PMC7333383	Single-cell ATAC-seq signal extraction and enhancement with SCATE.	Ji Zhicheng, Zhou Weiqiang, Hou Wenpin, Ji Hongkai	Genome biology	2020	10.1186/s13059-020-02075-3
PMC7352871	Differential Urinary Proteome Analysis for Predicting Prognosis in Type 2 Diabetes Patients with and without Renal Dysfunction.	Ahn Hee-Sung, Kim Jong Ho, Jeong Hwangkyo, Yu Jiyoung, Yeom Jeonghun, Song Sang Heon, Kim Sang Soo, Kim In Joo, Kim Kyunggon	International journal of molecular sciences	2020	10.3390/ijms21124236
PMC7162491	Development of a prediction model for hypotension after induction of anesthesia using machine learning.	Kang Ah Reum, Lee Jihyun, Jung Woohyun, Lee Misoon, Park Sun Young, Woo Jiyoung, Kim Sang Hyun	PloS one	2020	10.1371/journal.pone.0231172
PMC6982787	Modeling Physico-Chemical ADMET Endpoints with Multitask Graph Convolutional Networks.	Montanari Floriane, Kuhnke Lara, Ter Laak Antonius, Clevert Djork-Arné	Molecules (Basel, Switzerland)	2019	10.3390/molecules25010044
PMC6908647	Integrative analysis of DNA methylation and gene expression identified cervical cancer-specific diagnostic biomarkers.	Xu Wanxue, Xu Mengyao, Wang Longlong, Zhou Wei, Xiang Rong, Shi Yi, Zhang Yunshan, Piao Yongjun	Signal transduction and targeted therapy	2019	10.1038/s41392-019-0081-6
PMC6629660	Patient-specific cancer genes contribute to recurrently perturbed pathways and establish therapeutic vulnerabilities in esophageal adenocarcinoma.	Mourikis Thanos P, Benedetti Lorena, Foxall Elizabeth, Temelkovski Damjan, Nulsen Joel, Perner Juliane, Cereda Matteo, Lagergren Jesper, Howell Michael, Yau Christopher, Fitzgerald Rebecca C, Scaffidi Paola, , Ciccarelli Francesca D	Nature communications	2019	10.1038/s41467-019-10898-3
PMC6679781	Machine learning identifies unaffected first-degree relatives with functional network patterns and cognitive impairment similar to those of schizophrenia patients.	Jing Rixing, Li Peng, Ding Zengbo, Lin Xiao, Zhao Rongjiang, Shi Le, Yan Hao, Liao Jinmin, Zhuo Chuanjun, Lu Lin, Fan Yong	Human brain mapping	2019	10.1002/hbm.24678
PMC6277570	Prediction of Drug-Likeness Using Deep Autoencoder Neural Networks.	Hu Qiwan, Feng Mudong, Lai Luhua, Pei Jianfeng	Frontiers in genetics	2018	10.3389/fgene.2018.00585
PMC6478501	Brain age from the electroencephalogram of sleep.	Sun Haoqi, Paixao Luis, Oliva Jefferson T, Goparaju Balaji, Carvalho Diego Z, van Leeuwen Kicky G, Akeju Oluwaseun, Thomas Robert J, Cash Sydney S, Bianchi Matt T, Westover M Brandon	Neurobiology of aging	2019	10.1016/j.neurobiolaging.2018.10.016
PMC5976622	Distinct epigenomic patterns are associated with haploinsufficiency and predict risk genes of developmental disorders.	Han Xinwei, Chen Siying, Flynn Elise, Wu Shuang, Wintner Dana, Shen Yufeng	Nature communications	2018	10.1038/s41467-018-04552-7
PMC5738356	Supervised learning in spiking neural networks with FORCE training.	Nicola Wilten, Clopath Claudia	Nature communications	2017	10.1038/s41467-017-01827-3
PMC5688026	Machine Learning to Improve the Effectiveness of ANRS in Predicting HIV Drug Resistance.	Singh Yashik	Healthcare informatics research	2017	10.4258/hir.2017.23.4.271
PMC5487762	Structure based classification for bile salt export pump (BSEP) inhibitors using comparative structural modeling of human BSEP.	Jain Sankalp, Grandits Melanie, Richter Lars, Ecker Gerhard F	Journal of computer-aided molecular design	2017	10.1007/s10822-017-0021-x
PMC4894951	Cox process representation and inference for stochastic reaction-diffusion processes.	Schnoerr David, Grima Ramon, Sanguinetti Guido	Nature communications	2016	10.1038/ncomms11729
PMC4606520	KIR Genes and Patterns Given by the A Priori Algorithm: Immunity for Haematological Malignancies.	Rodríguez-Escobedo J Gilberto, García-Sepúlveda Christian A, Cuevas-Tello Juan C	Computational and mathematical methods in medicine	2015	10.1155/2015/141363
PMC4388847	Machine learning assisted design of highly active peptides for drug discovery.	Giguère Sébastien, Laviolette François, Marchand Mario, Tremblay Denise, Moineau Sylvain, Liang Xinxia, Biron Éric, Corbeil Jacques	PLoS computational biology	2015	10.1371/journal.pcbi.1004074
PMC4058174	enDNA-Prot: identification of DNA-binding proteins by applying ensemble learning.	Xu Ruifeng, Zhou Jiyun, Liu Bin, Yao Lin, He Yulan, Zou Quan, Wang Xiaolong	BioMed research international	2014	10.1155/2014/294279
PMC3542245	NetiNeti: discovery of scientific names from text using machine learning methods.	Akella Lakshmi Manohar, Norton Catherine N, Miller Holly	BMC bioinformatics	2012	10.1186/1471-2105-13-211
PMC2638158	Semi-automatic conversion of BioProp semantic annotation to PASBio annotation.	Tsai Richard Tzong-Han, Dai Hong-Jie, Huang Chi-Hsin, Hsu Wen-Lian	BMC bioinformatics	2008	10.1186/1471-2105-9-s12-s18
PMC2561051	Combining classifiers for improved classification of proteins from sequence or structure.	Melvin Iain, Weston Jason, Leslie Christina S, Noble William S	BMC bioinformatics	2008	10.1186/1471-2105-9-389
PMC2665034	Modeling peptide fragmentation with dynamic Bayesian networks for peptide identification.	Klammer Aaron A, Reynolds Sheila M, Bilmes Jeff A, MacCoss Michael J, Noble William Stafford	Bioinformatics (Oxford, England)	2008	10.1093/bioinformatics/btn189
PMC2275242	Gene function prediction using labeled and unlabeled data.	Zhao Xing-Ming, Wang Yong, Chen Luonan, Aihara Kazuyuki	BMC bioinformatics	2008	10.1186/1471-2105-9-57
PMC12077397	External validation of machine learning models-registered models and adaptive sample splitting.	Gallitto Giuseppe, Englert Robert, Kincses Balint, Kotikalapudi Raviteja, Li Jialin, Hoffschlag Kevin, Bingel Ulrike, Spisak Tamas	GigaScience	2025	10.1093/gigascience/giaf036
PMC12056507	Image segmentation of treated and untreated tumor spheroids by fully convolutional networks.	Streller Matthias, Michlíková Soňa, Ciecior Willy, Lönnecke Katharina, Kunz-Schughart Leoni A, Lange Steffen, Voss-Böhme Anja	GigaScience	2025	10.1093/gigascience/giaf027
PMC12087453	Multiomics analysis of umbilical cord hematopoietic stem cells from a multiethnic cohort of Hawaii reveals the intergenerational effect of maternal prepregnancy obesity and risks for cancers.	Du Yuheng, Benny Paula A, Shao Yuchen, Schlueter Ryan J, Gurary Alexandra, Lum-Jones Annette, Lassiter Cameron B, AlAkwaa Fadhl M, Tiirikainen Maarit, Towner Dena, Ward W Steven, Garmire Lana X	GigaScience	2025	10.1093/gigascience/giaf039
PMC12206155	CellBinDB: a large-scale multimodal annotated dataset for cell segmentation with benchmarking of universal models.	Shi Can, Fan Jinghong, Deng Zhonghan, Liu Huanlin, Kang Qiang, Li Yumei, Guo Jing, Wang Jingwen, Gong Jinjiang, Liao Sha, Chen Ao, Zhang Ying, Li Mei	GigaScience	2025	10.1093/gigascience/giaf069
PMC12532322	Cross-modal contrastive learning decodes developmental regulatory features through chromatin potential analysis.	Yang Yueyuxiao, Xie Chenxi, He Qiushun, Yang Meng	GigaScience	2025	10.1093/gigascience/giaf053
PMC10762911	DisoFLAG: accurate prediction of protein intrinsic disorder and its functions using graph-based interaction protein language model.	Pang Yihe, Liu Bin	BMC biology	2024	10.1186/s12915-023-01803-y
PMC11659980	PlasGO: enhancing GO-based function prediction for plasmid-encoded proteins based on genetic structure.	Ji Yongxin, Shang Jiayu, Guan Jiaojiao, Zou Wei, Liao Herui, Tang Xubo, Sun Yanni	GigaScience	2024	10.1093/gigascience/giae104
PMC11629979	Stratum corneum nanotexture feature detection using deep learning and spatial analysis: a noninvasive tool for skin barrier assessment.	Wang Jen-Hung, Pereda Jorge, Du Ching-Wen, Chu Chia-Yu, Christensen Maria Oberländer, Kezic Sanja, Jakasa Ivone, Thyssen Jacob P, Satheesh Sreeja, Hwu Edwin En-Te	GigaScience	2024	10.1093/gigascience/giae095
PMC11345537	Deep learning links localized digital pathology phenotypes with transcriptional subtype and patient outcome in glioblastoma.	Roetzer-Pejrimovsky Thomas, Nenning Karl-Heinz, Kiesel Barbara, Klughammer Johanna, Rajchl Martin, Baumann Bernhard, Langs Georg, Woehrer Adelheid	GigaScience	2024	10.1093/gigascience/giae057
PMC11423353	PhageGE: an interactive web platform for exploratory analysis and visualization of bacteriophage genomes.	Zhao Jinxin, Han Jiru, Lin Yu-Wei, Zhu Yan, Aichem Michael, Garkov Dimitar, Bergen Phillip J, Nang Sue C, Ye Jian-Zhong, Zhou Tieli, Velkov Tony, Song Jiangning, Schreiber Falk, Li Jian	GigaScience	2024	10.1093/gigascience/giae074
PMC10367125	MuLan-Methyl-multiple transformer-based language models for accurate DNA methylation prediction.	Zeng Wenhuan, Gautam Anupam, Huson Daniel H	GigaScience	2022	10.1093/gigascience/giad054
PMC10673642	Imputation method for single-cell RNA-seq data using neural topic model.	Qi Yueyang, Han Shuangkai, Tang Lin, Liu Lin	GigaScience	2022	10.1093/gigascience/giad098
PMC8553642	Metapredict: a fast, accurate, and easy-to-use predictor of consensus disorder and structure.	Emenecker Ryan J, Griffith Daniel, Holehouse Alex S	Biophysical journal	2021	10.1016/j.bpj.2021.08.039
PMC8469072	Mortality Prediction Utilizing Blood Biomarkers to Predict the Severity of COVID-19 Using Machine Learning Technique.	Rahman Tawsifur, Al-Ishaq Fajer A, Al-Mohannadi Fatima S, Mubarak Reem S, Al-Hitmi Maryam H, Islam Khandaker Reajul, Khandakar Amith, Hssain Ali Ait, Al-Madeed Somaya, Zughaier Susu M, Chowdhury Muhammad E H	Diagnostics (Basel, Switzerland)	2021	10.3390/diagnostics11091582
PMC8385175	Nasopharyngeal metabolomics and machine learning approach for the diagnosis of influenza.	Hogan Catherine A, Rajpurkar Pranav, Sowrirajan Hari, Phillips Nicholas A, Le Anthony T, Wu Manhong, Garamani Natasha, Sahoo Malaya K, Wood Mona L, Huang ChunHong, Ng Andrew Y, Mak Justin, Cowan Tina M, Pinsky Benjamin A	EBioMedicine	2021	10.1016/j.ebiom.2021.103546
PMC8175075	Machine Learning Assisted Prediction of Prognostic Biomarkers Associated With COVID-19, Using Clinical and Proteomics Data.	Sardar Rahila, Sharma Arun, Gupta Dinesh	Frontiers in genetics	2021	10.3389/fgene.2021.636441
PMC8042551	Computational Methods for Structure-to-Function Analysis of Diet-Derived Catechins-Mediated Targeting of In Vitro Vasculogenic Mimicry.	Uthamacumaran Abicumaran, Suarez Narjara Gonzalez, Baniré Diallo Abdoulaye, Annabi Borhane	Cancer informatics	2021	10.1177/11769351211009229
PMC7860026	Authoritative subspecies diagnosis tool for European honey bees based on ancestry informative SNPs.	Momeni Jamal, Parejo Melanie, Nielsen Rasmus O, Langa Jorge, Montes Iratxe, Papoutsis Laetitia, Farajzadeh Leila, Bendixen Christian, Căuia Eliza, Charrière Jean-Daniel, Coffey Mary F, Costa Cecilia, Dall'Olio Raffaele, De la Rúa Pilar, Drazic M Maja, Filipi Janja, Galea Thomas, Golubovski Miroljub, Gregorc Ales, Grigoryan Karina, Hatjina Fani, Ilyasov Rustem, Ivanova Evgeniya, Janashia Irakli, Kandemir Irfan, Karatasou Aikaterini, Kekecoglu Meral, Kezic Nikola, Matray Enikö Sz, Mifsud David, Moosbeckhofer Rudolf, Nikolenko Alexei G, Papachristoforou Alexandros, Petrov Plamen, Pinto M Alice, Poskryakov Aleksandr V, Sharipov Aglyam Y, Siceanu Adrian, Soysal M Ihsan, Uzunov Aleksandar, Zammit-Mangion Marion, Vingborg Rikke, Bouga Maria, Kryger Per, Meixner Marina D, Estonba Andone	BMC genomics	2021	10.1186/s12864-021-07379-7
PMC7773485	APOD: accurate sequence-based predictor of disordered flexible linkers.	Peng Zhenling, Xing Qian, Kurgan Lukasz	Bioinformatics (Oxford, England)	2020	10.1093/bioinformatics/btaa808
PMC7734183	Multiplex Networks to Characterize Seizure Development in Traumatic Brain Injury Patients.	La Rocca Marianna, Garner Rachael, Amoroso Nicola, Lutkenhoff Evan S, Monti Martin M, Vespa Paul, Toga Arthur W, Duncan Dominique	Frontiers in neuroscience	2020	10.3389/fnins.2020.591662
PMC8545175	Contrastive Cross-Site Learning With Redesigned Net for COVID-19 CT Classification.	Wang Zhao, Liu Quande, Dou Qi	IEEE journal of biomedical and health informatics	2020	10.1109/jbhi.2020.3023246
PMC6929456	scReClassify: post hoc cell type classification of single-cell rNA-seq data.	Kim Taiyun, Lo Kitty, Geddes Thomas A, Kim Hani Jieun, Yang Jean Yee Hwa, Yang Pengyi	BMC genomics	2019	10.1186/s12864-019-6305-x
PMC6510637	Combining handcrafted features with latent variables in machine learning for prediction of radiation-induced lung damage.	Cui Sunan, Luo Yi, Tseng Huan-Hsin, Ten Haken Randall K, El Naqa Issam	Medical physics	2019	10.1002/mp.13497
PMC5610945	Hidden Markov modeling of frequency-following responses to Mandarin lexical tones.	Llanos Fernando, Xie Zilong, Chandrasekaran Bharath	Journal of neuroscience methods	2017	10.1016/j.jneumeth.2017.08.010
PMC5860114	NeBcon: protein contact map prediction using neural network training coupled with naïve Bayes classifiers.	He Baoji, Mortuza S M, Wang Yanting, Shen Hong-Bin, Zhang Yang	Bioinformatics (Oxford, England)	2017	10.1093/bioinformatics/btx164
PMC5821114	Neural Circuit Inference from Function to Structure.	Real Esteban, Asari Hiroki, Gollisch Tim, Meister Markus	Current biology : CB	2017	10.1016/j.cub.2016.11.040
PMC5079830	A D3R prospective evaluation of machine learning for protein-ligand scoring.	Sunseri Jocelyn, Ragoza Matthew, Collins Jasmine, Koes David Ryan	Journal of computer-aided molecular design	2016	10.1007/s10822-016-9960-x
PMC4706063	Machine learning models identify molecules active against the Ebola virus <i>in vitro</i>.	Ekins Sean, Freundlich Joel S, Clark Alex M, Anantpadma Manu, Davey Robert A, Madrid Peter	F1000Research	2015	10.12688/f1000research.7217.3
PMC4589233	PATBox: A Toolbox for Classification and Analysis of P-Type ATPases.	Søndergaard Dan, Pedersen Christian Nørgaard Storm	PloS one	2015	10.1371/journal.pone.0139571
PMC3396452	A CD4 T cell gene signature for early rheumatoid arthritis implicates interleukin 6-mediated STAT3 signalling, particularly in anti-citrullinated peptide antibody-negative disease.	Pratt Arthur G, Swan Daniel C, Richardson Sarah, Wilson Gillian, Hilkens Catharien M U, Young David A, Isaacs John D	Annals of the rheumatic diseases	2012	10.1136/annrheumdis-2011-200968
PMC1421439	Machine learning approaches to supporting the identification of photoreceptor-enriched genes based on expression data.	Wang Haiying, Zheng Huiru, Simpson David, Azuaje Francisco	BMC bioinformatics	2006	10.1186/1471-2105-7-116
