publication/pmid	epmc_pmcid	epmc_doi	epmc_year	epmc_journal	epmc_title	epmc_authors	epmc_mesh	epmc_keywords
33465072	PMC7845959	10.1371/journal.pcbi.1007814	2021	PLoS computational biology	Genome-wide prediction of topoisomerase IIβ binding by architectural factors and chromatin accessibility.	Martínez-García PM, García-Torres M, Divina F, Terrón-Bautista J, Delgado-Sainz I, Gómez-Vela F, Cortés-Ledesma F.	Cells, Cultured; Chromatin; Animals; Humans; Mice; DNA Topoisomerases, Type II; Genomics; Protein Binding; Genome; Models, Genetic; Thymocytes; MCF-7 Cells; Machine Learning	
33679869	PMC7933593	10.3389/fgene.2020.617174	2020	Frontiers in genetics	Construction and Comprehensive Analyses of a METTL5-Associated Prognostic Signature With Immune Implication in Lung Adenocarcinomas.	Sun S, Fei K, Zhang G, Wang J, Yang Y, Guo W, Yang Z, Wang J, Xue Q, Gao Y, He J.		Prognosis; Lung adenocarcinoma; Machine Learning; Rrna Methylation; Mettl5
34419924	PMC8385175	10.1016/j.ebiom.2021.103546	2021	EBioMedicine	Nasopharyngeal metabolomics and machine learning approach for the diagnosis of influenza.	Hogan CA, Rajpurkar P, Sowrirajan H, Phillips NA, Le AT, Wu M, Garamani N, Sahoo MK, Wood ML, Huang C, Ng AY, Mak J, Cowan TM, Pinsky BA.	Nasal Mucosa; Humans; Orthomyxoviridae; Pyrrolidonecarboxylic Acid; Molecular Diagnostic Techniques; Adolescent; Adult; Child; Child, Preschool; Female; Male; Influenza, Human; Gas Chromatography-Mass Spectrometry; Metabolomics; Metabolome; Machine Learning	Mass spectrometry; Influenza; Diagnosis; Metabolomics; Host Response
34112769	PMC8192578	10.1038/s41467-021-23472-7	2021	Nature communications	A new molecular classification to drive precision treatment strategies in primary Sjögren's syndrome.	Soret P, Le Dantec C, Desvaux E, Foulquier N, Chassagnol B, Hubert S, Jamin C, Barturen G, Desachy G, Devauchelle-Pensec V, Boudjeniba C, Cornec D, Saraux A, Jousse-Joulin S, Barbarroja N, Rodríguez-Pintó I, De Langhe E, Beretta L, Chizzolini C, Kovács L, Witte T, PRECISESADS Clinical Consortium, PRECISESADS Flow Cytometry Consortium, Bettacchioli E, Buttgereit A, Makowska Z, Lesche R, Borghi MO, Martin J, Courtade-Gaiani S, Xuereb L, Guedj M, Moingeon P, Alarcón-Riquelme ME, Laigle L, Pers JO.	Humans; Sjogren's Syndrome; Inflammation; Interferons; Proteome; Chemokines; Autoantibodies; Cytokines; Flow Cytometry; Cohort Studies; Cross-Sectional Studies; Computational Biology; DNA Methylation; Polymorphism, Single Nucleotide; Multigene Family; Computer Simulation; Databases, Genetic; Databases, Protein; Adult; Middle Aged; Female; Male; Genome-Wide Association Study; Transcriptome; Biomarkers; RNA-Seq	
32915751	PMC8545175	10.1109/jbhi.2020.3023246	2020	IEEE journal of biomedical and health informatics	Contrastive Cross-Site Learning With Redesigned Net for COVID-19 CT Classification.	Wang Z, Liu Q, Dou Q.	Humans; Pneumonia, Viral; Coronavirus Infections; Radiographic Image Interpretation, Computer-Assisted; Tomography, X-Ray Computed; Clinical Laboratory Techniques; Computational Biology; Computer Systems; Databases, Factual; Pandemics; Machine Learning; Betacoronavirus; Deep Learning; COVID-19; SARS-CoV-2; COVID-19 Testing	
30853547	PMC6708480	10.1016/j.ymeth.2019.03.004	2019	Methods (San Diego, Calif.)	Unsupervised classification of multi-omics data during cardiac remodeling using deep learning.	Chung NC, Mirza B, Choi H, Wang J, Wang D, Ping P, Wang W.	Heart Ventricles; Cluster Analysis; Computational Biology; Ventricular Remodeling; Algorithms; Image Processing, Computer-Assisted; Deep Learning	Clustering; cardiovascular; Time-series; Integrative Analysis; Multi-omics; Unsupervised Deep Learning
30590545		10.1093/jac/dky514	2019	The Journal of antimicrobial chemotherapy	Supervised machine learning for the prediction of infection on admission to hospital: a prospective observational cohort study.	Rawson TM, Hernandez B, Moore LSP, Blandy O, Herrero P, Gilchrist M, Gordon A, Toumazou C, Sriskandan S, Georgiou P, Holmes AH.	Humans; Diagnostic Tests, Routine; Hematologic Tests; Prognosis; Patient Admission; Cohort Studies; Follow-Up Studies; ROC Curve; Algorithms; Decision Support Systems, Clinical; Adult; Aged; Aged, 80 and over; Middle Aged; Disease Management; Female; Male; Young Adult; Biomarkers; Clinical Decision-Making; Supervised Machine Learning; Infections	
31404081	PMC6690680	10.1371/journal.pone.0220294	2019	PloS one	A modeling and machine learning approach to ECG feature engineering for the detection of ischemia using pseudo-ECG.	Ledezma CA, Zhou X, Rodríguez B, Tan PJ, Díaz-Zuccarini V.	Humans; Ischemia; Electrocardiography; Action Potentials; Models, Theoretical; Biomarkers; Machine Learning; Neural Networks, Computer	
30483279	PMC6242780	10.3389/fpls.2018.01559	2018	Frontiers in plant science	Artificial Intelligence Understands Peptide Observability and Assists With Absolute Protein Quantification.	Zimmer D, Schneider K, Sommer F, Schroda M, Mühlhaus T.		Mass spectrometry; absolute quantification; Machine Learning; Deep Learning; Proteotypic Peptide; Peptide Observability
29133589	PMC5821274	10.1158/1541-7786.mcr-17-0378	2018	Molecular cancer research : MCR	Precision Oncology beyond Targeted Therapy: Combining Omics Data with Machine Learning Matches the Majority of Cancer Cells to Effective Therapeutics.	Ding MQ, Chen L, Cooper GF, Young JD, Lu X.	Cell Line, Tumor; Humans; Neoplasms; Genetic Markers; Computational Biology; Genomics; Molecular Targeted Therapy; Machine Learning; Precision Medicine; Pharmacogenomic Variants	
26495028	PMC4606520	10.1155/2015/141363	2015	Computational and mathematical methods in medicine	KIR Genes and Patterns Given by the A Priori Algorithm: Immunity for Haematological Malignancies.	Rodríguez-Escobedo JG, García-Sepúlveda CA, Cuevas-Tello JC.	Humans; Hematologic Neoplasms; Genetic Predisposition to Disease; Multivariate Analysis; Case-Control Studies; Systems Biology; Haplotypes; Algorithms; Mathematical Computing; Models, Genetic; Adult; Female; Male; Receptors, KIR; Young Adult; Machine Learning	
33464298	PMC7816647	10.1083/jcb.202006180	2021	The Journal of cell biology	Image-based pooled whole-genome CRISPRi screening for subcellular phenotypes.	Kanfer G, Sarraf SA, Maman Y, Baldwin H, Dominguez-Martin E, Johnson KR, Ward ME, Kampmann M, Lippincott-Schwartz J, Youle RJ.	Cell Line, Tumor; Cell Nucleus; Humans; Ubiquitin-Protein Ligases; Green Fluorescent Proteins; Imaging, Three-Dimensional; Reproducibility of Results; Phenotype; Genome; Models, Biological; Artificial Intelligence; Cyclic AMP Response Element-Binding Protein A; Basic Helix-Loop-Helix Leucine Zipper Transcription Factors; Genetic Testing; HEK293 Cells; Single-Cell Analysis; CRISPR-Cas Systems; Support Vector Machine; Deep Learning; Neural Networks, Computer; RNA, Guide, CRISPR-Cas Systems	
29720103	PMC5930664	10.1186/s12864-018-4665-2	2018	BMC genomics	Prediction of plant lncRNA by ensemble machine learning classifiers.	Simopoulos CMA, Weretilnyk EA, Golding GB.	RNA, Plant; Stochastic Processes; Computational Biology; Open Reading Frames; RNA, Long Noncoding; Machine Learning	transcript; Ensemble; Machine Learning; Classifier; Lncrna
17374164	PMC1847686	10.1186/1471-2164-8-78	2007	BMC genomics	Predicting protein function by machine learning on amino acid sequences--a critical evaluation.	Al-Shahib A, Breitling R, Gilbert DR.	Proteins; Sequence Analysis, Protein; Proteomics; Computational Biology; Genome, Bacterial; Artificial Intelligence; Molecular Sequence Data; Databases, Protein	
26834994	PMC4706063	10.12688/f1000research.7217.3	2015	F1000Research	Machine learning models identify molecules active against the Ebola virus <i>in vitro</i>.	Ekins S, Freundlich JS, Clark AM, Anantpadma M, Davey RA, Madrid P.		Quinacrine; Pharmacophore; Ebola Virus; Machine Learning; Drug Repurposing; Computational Models; Tilorone; Pyronaridine
18779814	PMC2701298	10.1038/nbt0908-1011	2008	Nature biotechnology	What are decision trees?	Kingsford C, Salzberg SL.	Humans; Saccharomyces cerevisiae; Models, Statistical; Protein Interaction Mapping; Computational Biology; Genome, Fungal; Genome, Human; Algorithms; Decision Support Techniques; Decision Trees; Biomedical Research; Artificial Intelligence; Decision Making, Computer-Assisted; Neural Networks, Computer	
33328863	PMC7734183	10.3389/fnins.2020.591662	2020	Frontiers in neuroscience	Multiplex Networks to Characterize Seizure Development in Traumatic Brain Injury Patients.	La Rocca M, Garner R, Amoroso N, Lutkenhoff ES, Monti MM, Vespa P, Toga AW, Duncan D.		Traumatic brain injury; Machine Learning; Complex Networks; Random Forest; Post-traumatic Epilepsy; Multiplex Networks; Structural Magnetic Resonance Imaging
32220894	PMC7297119	10.1261/rna.074161.119	2020	RNA (New York, N.Y.)	RNA-GPS predicts high-resolution RNA subcellular localization and highlights the role of splicing.	Wu KE, Parker KR, Fazal FM, Chang HY, Zou J.	Cell Line, Tumor; Hela Cells; K562 Cells; Cell Nucleus; Cytoplasm; Humans; RNA; 3' Untranslated Regions; Sequence Analysis, RNA; Computational Biology; Alternative Splicing; Transcriptome	Rna Localization; Localization Mechanism; Machine Learning Model; Splicing In Localization
30615300	PMC9328381	10.1002/art.40810	2019	Arthritis & rheumatology (Hoboken, N.J.)	Profiling of Gene Expression Biomarkers as a Classifier of Methotrexate Nonresponse in Patients With Rheumatoid Arthritis.	Plant D, Maciejewski M, Smith S, Nair N, Maximising Therapeutic Utility in Rheumatoid Arthritis Consortium, the RAMS Study Group, Hyrich K, Ziemek D, Barton A, Verstappen S.	Humans; Arthritis, Rheumatoid; Methotrexate; Interferon Type I; Antirheumatic Agents; Treatment Failure; Gene Expression Profiling; Signal Transduction; Adult; Aged; Middle Aged; Female; Male; Gene Regulatory Networks; Transcriptome	
34603483	PMC8485143	10.1155/2021/2203636	2021	Computational and mathematical methods in medicine	Identification of Novel COVID-19 Biomarkers by Multiple Feature Selection Strategies.	Zhang S, Qu R, Wang P, Wang S.	Humans; False Negative Reactions; False Positive Reactions; Models, Statistical; Sensitivity and Specificity; Gene Expression Profiling; Protein Interaction Mapping; Computational Biology; Algorithms; Principal Component Analysis; Research Design; Biomarkers; Machine Learning; COVID-19; COVID-19 Testing	
31161221	PMC7073919	10.1093/jnci/djz112	2020	Journal of the National Cancer Institute	Temporal Stability and Prognostic Biomarker Potential of the Prostate Cancer Urine miRNA Transcriptome.	Jeon J, Olkhov-Mitsel E, Xie H, Yao CQ, Zhao F, Jahangiri S, Cuizon C, Scarcello S, Jeyapala R, Watson JD, Fraser M, Ray J, Commisso K, Loblaw A, Fleshner NE, Bristow RG, Downes M, Vesprini D, Liu S, Bapat B, Boutros PC.	Humans; Prostatic Neoplasms; MicroRNAs; Prognosis; Cohort Studies; Longitudinal Studies; Reproducibility of Results; Male; Neoplasm Grading; Transcriptome; Carcinogenesis; Biomarkers, Tumor	
31462106	PMC6902683	10.1096/fj.201901529r	2019	FASEB journal : official publication of the Federation of American Societies for Experimental Biology	Interactive alkaptonuria database: investigating clinical data to improve patient care in a rare disease.	Cicaloni V, Spiga O, Dimitri GM, Maiocchi R, Millucci L, Giustarini D, Bernardini G, Bernini A, Marzocchi B, Braconi D, Santucci A.	Humans; Alkaptonuria; Rare Diseases; Computational Biology; Databases, Genetic; Female; Male; Precision Medicine	Biomarkers; Machine Learning; Precision Medicine
19667082	PMC2752621	10.1093/bioinformatics/btp477	2009	Bioinformatics (Oxford, England)	PineSAP--sequence alignment and SNP identification pipeline.	Wegrzyn JL, Lee JM, Liechty J, Neale DB.	Sequence Alignment; Sequence Analysis, DNA; Computational Biology; Polymorphism, Single Nucleotide; Software; Databases, Genetic	
34297718	PMC8336795	10.1371/journal.pcbi.1009193	2021	PLoS computational biology	Machine learning reveals mesenchymal breast carcinoma cell adaptation in response to matrix stiffness.	Rozova VS, Anwer AG, Guller AE, Es HA, Khabir Z, Sokolova AI, Gavrilov MU, Goldys EM, Warkiani ME, Thiery JP, Zvyagin AV.	Cell Line, Tumor; Extracellular Matrix; Humans; Neoplasm Metastasis; Vimentin; Cadherins; Antigens, CD; Cell Count; Computational Biology; Adaptation, Physiological; Cell Adhesion; Cell Proliferation; Cell Shape; Models, Biological; Female; Biophysical Phenomena; Epithelial-Mesenchymal Transition; Tumor Microenvironment; Triple Negative Breast Neoplasms; Machine Learning; Biomarkers, Tumor	
34168145	PMC8225676	10.1038/s41467-021-24150-4	2021	Nature communications	Bioactivity descriptors for uncharacterized chemical compounds.	Bertoni M, Duran-Frigola M, Badia-I-Mompel P, Pauls E, Orozco-Ruiz M, Guitart-Pla O, Alcalde V, Diaz VM, Berenguer-Llergo A, Brun-Heath I, Villegas N, de Herreros AG, Aloy P.	Cell Line, Tumor; Humans; Drug Evaluation, Preclinical; Structure-Activity Relationship; Small Molecule Libraries; Databases, Pharmaceutical; Snail Family Transcription Factors	
33995917	PMC8093828	10.1016/j.csbj.2021.04.005	2021	Computational and structural biotechnology journal	Identifying the minimum amplicon sequence depth to adequately predict classes in eDNA-based marine biomonitoring using supervised machine learning.	Dully V, Wilding TA, Mühlhaus T, Stoeck T.		16S rRNA; Marine; biomonitoring; Machine Learning; Mds, Multidimensional Scaling; Environmental Dna; Bp, Base Pairs; Pcr, Polymerase Chain Reaction; N, Number; Cv, Coefficient Of Variance; Sml, Supervised Machine Learning; Ambi, Azti's Marine Biotic Index; Asv, Amplicon Sequence Variants; Aze, Allowable Zone Of Effect, Intermediate Impact Zone; Bi, Biotic Index; Ballwa, Ballast Water Dataset; Basco, Basque Coast Dataset; Ce, Cage Edge; Dada2, Divisive Amplicon Denoising Algorithm; Eq, Environmental Quality; Fm, Full Model; Neb, New England Biolabs; Nw, North West; Norsa, Norway Salmon Dataset; Oob-error, Out-of-bag Error Estimate; Ref, Reference Site; Rf, Random Forest Algorithm; Scosa, Scottish Salmon Farm Dataset; V3-v4, Hypervariable Gene Regions Of The 16S Rrna; Edna, Environmental Deoxyribonucleic Acid; Microgambi, Azti's Marine Biotic Index Based On Microbial Genes; Mtry, Numbers Of Variables Tried At Each Split; Rrna, Small Subunit Prokaryotic Ribosomal Ribonucleic Acid
33953203	PMC8100172	10.1038/s41467-021-22866-x	2021	Nature communications	Regression plane concept for analysing continuous cellular processes with machine learning.	Szkalisity A, Piccinini F, Beleon A, Balassa T, Varga IG, Migh E, Molnar C, Paavolainen L, Timonen S, Banerjee I, Ikonen E, Yamauchi Y, Ando I, Peltonen J, Pietiäinen V, Honti V, Horvath P.	Cell Line, Tumor; Animals; Humans; Drosophila melanogaster; Carcinoma, Hepatocellular; Membrane Proteins; Biological Phenomena; Cell Cycle; Cell Differentiation; Cell Physiological Phenomena; Machine Learning; Supervised Machine Learning	
33169030		10.1038/s41593-020-00733-0	2021	Nature neuroscience	Modeling behaviorally relevant neural dynamics enabled by preferential subspace identification.	Sani OG, Abbaspourazad H, Wong YT, Pesaran B, Shanechi MM.	Motor Cortex; Prefrontal Cortex; Animals; Macaca mulatta; Hand Strength; Behavior, Animal; Learning; Space Perception; Psychomotor Performance; Saccades; Algorithms; Rotation; Models, Neurological; Electrophysiological Phenomena; Machine Learning	
33425719	PMC7794018	10.3389/fonc.2020.552270	2020	Frontiers in oncology	Intratumoral and Peritumoral Radiomics of Contrast-Enhanced CT for Prediction of Disease-Free Survival and Chemotherapy Response in Stage II/III Gastric Cancer.	Li J, Zhang C, Wei J, Zheng P, Zhang H, Xie Y, Bai J, Zhu Z, Zhou K, Liang X, Xie Y, Qin T.		Gastric cancer; Prognosis; Support vector machine; computed tomography; Radiomics Signature
30877925	PMC6548586	10.1016/j.msard.2019.03.006	2019	Multiple sclerosis and related disorders	Metabolome-based signature of disease pathology in MS.	Andersen SL, Briggs FBS, Winnike JH, Natanzon Y, Maichle S, Knagge KJ, Newby LK, Gregory SG.	Humans; Multiple Sclerosis; Case-Control Studies; ROC Curve; Gene Expression; Male; Metabolomics; Metabolome; Transcriptome; Biomarkers	Genotype; Serum; Biomarker; Multiple sclerosis; Metabolomics; Gene Expression
29219069	PMC5773889	10.1186/s12859-017-1879-2	2017	BMC bioinformatics	A boosting approach for prediction of protein-RNA binding residues.	Tang Y, Liu D, Wang Z, Wen T, Deng L.	Humans; Amino Acids; RNA-Binding Proteins; RNA; Computational Biology; Binding Sites; Protein Conformation; Protein Binding; Algorithms; Position-Specific Scoring Matrices; Machine Learning; Support Vector Machine	Rna-binding Residue; Gradient Tree Boosting; Structural Neighborhood Features
33354569	PMC7735824	10.1155/2020/6248686	2020	BioMed research international	PmDNE: Prediction of miRNA-Disease Association Based on Network Embedding and Network Similarity Analysis.	Li J, Liu Y, Zhang Z, Liu B, Wang Y.	Humans; Disease; MicroRNAs; Area Under Curve; ROC Curve; Computational Biology; Algorithms; Machine Learning; Neural Networks, Computer	
32753502	PMC7406221	10.1128/msystems.00224-20	2020	mSystems	Genome-Wide Analysis of RNA Decay in the Cyanobacterium <i>Synechococcus</i> sp. Strain PCC 7002.	Gordon GC, Cameron JC, Gupta STP, Engstrom MD, Reed JL, Pfleger BF.		Photosynthesis; RNase; Cyanobacteria; Terminator; Transcriptome; Gene Expression; Termination; Machine Learning; Mrna Decay
30970017	PMC6457539	10.1371/journal.pcbi.1006954	2019	PLoS computational biology	Estimation of the breadth of CD4bs targeting HIV antibodies by molecular modeling and machine learning.	Conti S, Karplus M.	Humans; HIV-1; HIV Infections; AIDS Vaccines; HIV Antibodies; Epitopes; CD4 Lymphocyte Count; Inhibitory Concentration 50; Computational Biology; Amino Acid Sequence; Antibodies, Neutralizing; Machine Learning; CD4 Antigens	
32858131	PMC7446623	10.1016/j.fct.2020.111701	2020	Food and chemical toxicology : an international journal published for the British Industrial Biological Research Association	Interplay between oxidative damage, the redox status, and metabolic biomarkers during long-term fasting.	Grundler F, Mesnage R, Goutzourelas N, Tekos F, Makri S, Brack M, Kouretas D, Wilhelmi de Toledo F.	Humans; Pneumonia, Viral; Coronavirus Infections; Obesity; Free Radical Scavengers; Fasting; Lipid Peroxidation; Oxidative Stress; Adolescent; Adult; Aged; Middle Aged; Female; Male; Lipid Metabolism; Young Adult; Pandemics; Biomarkers; Machine Learning; COVID-19	Oxidative stress; Weight loss; Antioxidant capacity; Dysmetabolism
28881974	PMC5870574	10.1093/bioinformatics/btx239	2017	Bioinformatics (Oxford, England)	Large-scale structure prediction by improved contact predictions and model quality assessment.	Michel M, Menéndez Hurtado D, Uziela K, Elofsson A.	Sensitivity and Specificity; Computational Biology; Protein Conformation; Models, Molecular; Software; Machine Learning	
26746583		10.1177/1087057115623451	2016	Journal of biomolecular screening	High-Content Analysis of Breast Cancer Using Single-Cell Deep Transfer Learning.	Kandaswamy C, Silva LM, Alexandre LA, Santos JM.	Cell Line, Tumor; Humans; Antineoplastic Agents; Reproducibility of Results; Genetic Engineering; Computational Biology; Phenotype; Female; Small Molecule Libraries; Drug Discovery; High-Throughput Screening Assays	Image analysis; High-content Screening; Cancer Drug Discovery; Deep Transfer Learning
27222432	PMC4894951	10.1038/ncomms11729	2016	Nature communications	Cox process representation and inference for stochastic reaction-diffusion processes.	Schnoerr D, Grima R, Sanguinetti G.		
33181068	PMC7707106	10.1016/j.cell.2020.10.024	2020	Cell	The Tolman-Eichenbaum Machine: Unifying Space and Relational Memory through Generalization in the Hippocampal Formation.	Whittington JCR, Muller TH, Mark S, Chen G, Barry C, Burgess N, Behrens TEJ.	Hippocampus; Entorhinal Cortex; Animals; Memory; Task Performance and Analysis; Sensation; Knowledge; Models, Neurological; Place Cells; Generalization, Psychological	Hippocampus; Neural networks; Generalization; Place Cells; Entorhinal Cortex; Grid Cells; Representation Learning; Non-spatial Reasoning
34388102	PMC8843059	10.1109/jbhi.2021.3104629	2021	IEEE journal of biomedical and health informatics	COVID-19 Screening in Chest X-Ray Images Using Lung Region Priors.	An J, Cai Q, Qu Z, Gao Z.	Lung; Humans; X-Rays; Deep Learning; COVID-19; SARS-CoV-2	
33810341	PMC8067080	10.3390/biom11040500	2021	Biomolecules	The Budapest Amyloid Predictor and Its Applications.	Keresztes L, Szögi E, Varga B, Farkas V, Perczel A, Grolmusz V.	Amyloid; Area Under Curve; ROC Curve; Computational Biology; Neural Networks, Computer	Amyloid; support vector machines; Budapest Amyloid Predictor; Site-specific Amyloidogenecity
32991297		10.1109/jbhi.2020.3027680	2021	IEEE journal of biomedical and health informatics	Identification of lncRNA Signature Associated With Pan-Cancer Prognosis.	Bao G, Xu R, Wang X, Ji J, Wang L, Li W, Zhang Q, Huang B, Chen A, Zhang D, Kong B, Yang Q, Yuan C, Wang X, Wang J, Li X.	Humans; Neoplasms; Prognosis; Gene Expression Profiling; Gene Expression Regulation, Neoplastic; Kaplan-Meier Estimate; RNA, Long Noncoding; Biomarkers, Tumor	
34573923	PMC8469072	10.3390/diagnostics11091582	2021	Diagnostics (Basel, Switzerland)	Mortality Prediction Utilizing Blood Biomarkers to Predict the Severity of COVID-19 Using Machine Learning Technique.	Rahman T, Al-Ishaq FA, Al-Mohannadi FS, Mubarak RS, Al-Hitmi MH, Islam KR, Khandakar A, Hssain AA, Al-Madeed S, Zughaier SM, Chowdhury MEH.		Biomarkers; D-dimer; Machine Learning; Coagulopathy; Covid-19
32905495	PMC7473040	10.1016/j.coisb.2020.07.008	2020	Current opinion in systems biology	Digital solutions for shaping mood and behavior among individuals with mood disorders.	Victory A, Letkiewicz A, Cochran AL.		
33329703	PMC7721480	10.3389/fgene.2020.566159	2020	Frontiers in genetics	Identifying 8-mRNAsi Based Signature for Predicting Survival in Patients With Head and Neck Squamous Cell Carcinoma via Machine Learning.	Tian Y, Wang J, Qin C, Zhu G, Chen X, Chen Z, Qin Y, Wei M, Li Z, Zhang X, Lv Y, Cai G.		Predictive models; Head And Neck Squamous Cell Carcinomas; The Cancer Genome Atlas; Weighted Gene Co-expression Network Analysis; Cancer Cell Stemness Indices
32324731	PMC7237030	10.1371/journal.pcbi.1007617	2020	PLoS computational biology	BioConceptVec: Creating and evaluating literature-based biomedical concept embeddings on a large scale.	Chen Q, Lee K, Yan S, Kim S, Wei CH, Lu Z.	Humans; Protein Interaction Mapping; Computational Biology; Drug Interactions; Algorithms; Semantics; Publications; PubMed; Databases, Protein; Data Mining; Electronic Health Records; Deep Learning	
31466478		10.2217/epi-2019-0206	2019	Epigenomics	EpiSmokEr: a robust classifier to determine smoking status from DNA methylation data.	Bollepalli S, Korhonen T, Kaprio J, Anders S, Ollikainen M.	Humans; Computational Biology; DNA Methylation; Epigenesis, Genetic; CpG Islands; Software; Adult; Aged; Middle Aged; Female; Male; Epigenomics; Machine Learning; Tobacco Smoking	DNA methylation; Tobacco Smoking; Epigenetic Smoking Status; Multinomial Lasso; Smoking Status Classifier
31534955	PMC6732622	10.1155/2019/2426958	2019	BioMed research international	Predicting Drug-Disease Associations via Using Gaussian Interaction Profile and Kernel-Based Autoencoder.	Jiang HJ, Huang YA, You ZH, You ZH.	Humans; Alzheimer Disease; Computational Biology; Computer Simulation; Databases, Factual; Drug Repositioning; Machine Learning	
31407406	PMC6851483	10.1002/prot.25798	2019	Proteins	Ensembling multiple raw coevolutionary features with deep residual neural networks for contact-map prediction in CASP13.	Li Y, Zhang C, Bell EW, Yu DJ, Zhang Y.	Proteins; Sequence Alignment; Sequence Analysis, Protein; Computational Biology; Protein Conformation; Algorithms; Models, Molecular; Databases, Protein; Metagenome; Machine Learning; Neural Networks, Computer	Protein folding; Casp; Deep Learning; Coevolution Analysis; Contact-map Prediction
30933970	PMC6459551	10.1371/journal.pcbi.1006931	2019	PLoS computational biology	Adaptive multi-view multi-label learning for identifying disease-associated candidate miRNAs.	Liang C, Yu S, Luo J.	Humans; Thyroid Neoplasms; Genetic Predisposition to Disease; MicroRNAs; Models, Statistical; Computational Biology; Algorithms; Models, Genetic; Genetic Association Studies; Machine Learning; Biomarkers, Tumor	
31120879	PMC6532836	10.1371/journal.pcbi.1007032	2019	PLoS computational biology	Wisdom of crowds in computational biology.	Papin JA, Mac Gabhann F.	Animals; Humans; Interdisciplinary Communication; Peer Review, Research; Computational Biology; Publishing; Periodicals as Topic	
29614729	PMC5923460	10.3390/v10040166	2018	Viruses	Imaging, Tracking and Computational Analyses of Virus Entry and Egress with the Cytoskeleton.	Wang IH, Burckhardt CJ, Yakimovich A, Greber UF.	Cytoskeleton; Microtubules; Animals; Humans; Viruses; Virion; Virus Diseases; Actins; Virus Replication; Virus Assembly; Biological Transport; Models, Biological; Virus Internalization; Host-Pathogen Interactions; Virus Physiological Phenomena; Molecular Imaging; Virus Release	Infection; Myosin; Parvovirus; Gene therapy; Herpes simplex virus; Simulation; Electron microscopy; Fluorescence microscopy; Hepatitis B virus; Actin; Cytoskeleton; Herpesvirus; Cell biology; Microscopy; Microtubule; Modeling; Baculovirus; Receptor; Adenovirus; Nuclear pore complex; Endocytosis; Kinesin; Influenza Virus; Intracellular transport; enveloped virus; Computing; RNA virus; Trafficking; Simian virus 40; innate immunity; Gene Expression; internalization; virus entry; dynein; Human Immunodeficiency Virus Hiv; Tracking; Machine Learning; Click Chemistry; Membrane Traffic; Immunofluorescence Microscopy; DNA virus; Adeno-associated virus AAV; Nonenveloped Virus; Single Particle Tracking; Quantitative Microscopy; Fluorescent Virions; Trajectory Segmentation; Virion Uncoating; Virus Infection Mechanisms
30388122	PMC6214495	10.1371/journal.pone.0204371	2018	PloS one	LogLoss-BERAF: An ensemble-based machine learning model for constructing highly accurate diagnostic sets of methylation sites accounting for heterogeneity in prostate cancer.	Babalyan K, Sultanov R, Generozov E, Sharova E, Kostryukova E, Larin A, Kanygina A, Govorun V, Arapidi G.	Humans; Neoplasms; Prostatic Neoplasms; DNA Methylation; Gene Expression Regulation, Neoplastic; CpG Islands; Algorithms; Models, Genetic; Male; Machine Learning	
28854371		10.1016/j.celrep.2017.08.021	2017	Cell reports	Mass Cytometry and Topological Data Analysis Reveal Immune Parameters Associated with Complications after Allogeneic Stem Cell Transplantation.	Lakshmikanth T, Olin A, Chen Y, Mikes J, Fredlund E, Remberger M, Omazic B, Brodin P.	Lymphocytes; Humans; Cytomegalovirus; Leukemia; Graft vs Host Disease; Acute Disease; Blood Proteins; Treatment Outcome; Bone Marrow Transplantation; Hematopoietic Stem Cell Transplantation; Transplantation, Homologous; Flow Cytometry; Statistics as Topic	Leukemia; Immunotherapy; Stem cell transplantation; Bone Marrow Transplantation; tumor immunology; Systems Immunology; Asct; Cytof; Immune System Reconstitution; Mass Cytometry
27488918	PMC5034704	10.1124/jpet.116.232660	2016	The Journal of pharmacology and experimental therapeutics	Molecular Properties of Drugs Interacting with SLC22 Transporters OAT1, OAT3, OCT1, and OCT2: A Machine-Learning Approach.	Liu HC, Goldenberg A, Chen Y, Lun C, Wu W, Bush KT, Balac N, Rodriguez P, Abagyan R, Nigam SK.	Membrane Transport Proteins; Organic Anion Transporters, Sodium-Independent; Organic Anion Transport Protein 1; Organic Cation Transporter 1; Pharmaceutical Preparations; Computational Biology; Protein Conformation; Protein Binding; Substrate Specificity; Hydrogen-Ion Concentration; Models, Molecular; Machine Learning	
26101544	PMC4460208	10.1155/2015/863874	2015	Computational and mathematical methods in medicine	From Heuristic to Mathematical Modeling of Drugs Dissolution Profiles: Application of Artificial Neural Networks and Genetic Programming.	Mendyk A, Güres S, Jachowicz R, Szlęk J, Polak S, Wiśniowska B, Kleinebudde P.	Humans; Dosage Forms; Models, Statistical; Computational Biology; Pharmacokinetics; Algorithms; Models, Biological; Software; Neural Networks, Computer	
20007729		10.1093/bib/bbp061	2010	Briefings in bioinformatics	Bioinformatical approaches to characterize intrinsically disordered/unstructured proteins.	Dosztányi Z, Mészáros B, Simon I.	Humans; Proteins; Computational Biology; Evolution, Molecular; Amino Acid Sequence; Protein Structure, Secondary; Protein Structure, Tertiary; Algorithms; Molecular Sequence Data; Databases, Protein	
20122221	PMC3009519	10.1186/1471-2105-11-s1-s47	2010	BMC bioinformatics	Computational prediction of type III secreted proteins from gram-negative bacteria.	Yang Y, Zhao J, Morgan RL, Ma W, Jiang T.	Gram-Negative Bacteria; Pseudomonas syringae; Rhizobium; Bacterial Proteins; Computational Biology; Genome, Bacterial	
28600868	PMC5656045	10.1002/humu.23272	2017	Human mutation	DeepBipolar: Identifying genomic mutations for bipolar disorder via deep learning.	Sundaram L, Bhat RR, Viswanath V, Li X.	Humans; Bipolar Disorder; Genomics; Mutation; Polymorphism, Single Nucleotide; Algorithms; Machine Learning	Bipolar disorder; Convolutional Neural Network; Deep Learning; Exome Single-nucleotide Polymorphisms Analysis
34070374	PMC8230313	10.3390/metabo11060339	2021	Metabolites	Identification of Circulating Diagnostic Biomarkers for Coronary Microvascular Disease in Postmenopausal Women Using Machine-Learning Techniques.	Arredondo Eve A, Tunc E, Liu YJ, Agrawal S, Erbak Yilmaz H, Emren SV, Akyıldız Akçay F, Mainzer L, Žurauskienė J, Madak Erdogan Z.		Postmenopausal Women; Coronary Microvascular Dysfunction; Metabolic-circulating Biomarker
27832081	PMC5104375	10.1371/journal.pcbi.1005158	2016	PLoS computational biology	Machine Learning for Characterization of Insect Vector Feeding.	Willett DS, George J, Willett NS, Stelinski LL, Lapointe SL.	Animals; Citrus; Plethysmography, Impedance; Feeding Behavior; Sucking Behavior; Insect Vectors; Models, Biological; Computer Simulation; Pattern Recognition, Automated; Machine Learning	
19154573	PMC2660303	10.1186/1471-2105-10-25	2009	BMC bioinformatics	Identification of novel DNA repair proteins via primary sequence, secondary structure, and homology.	Brown JB, Akutsu T.	Nuclear Proteins; Sequence Analysis, Protein; Computational Biology; DNA Repair; Amino Acid Sequence; Protein Structure, Secondary; Sequence Homology, Amino Acid; Algorithms; Software; Molecular Sequence Data	
25783485	PMC4315323	10.1186/1755-8794-8-s1-s7	2015	BMC medical genomics	Performance of case-control rare copy number variation annotation in classification of autism.	Engchuan W, Dhindsa K, Lionel AC, Scherer SW, Chan JH, Merico D.	Humans; Case-Control Studies; Autistic Disorder; Computational Biology; Female; Male; DNA Copy Number Variations; Molecular Sequence Annotation; Gene Ontology; Machine Learning	
33324147	PMC7725002	10.3389/fnins.2020.577568	2020	Frontiers in neuroscience	Functional Connectivity Combined With a Machine Learning Algorithm Can Classify High-Risk First-Degree Relatives of Patients With Schizophrenia and Identify Correlates of Cognitive Impairments.	Liu W, Zhang X, Qiao Y, Cai Y, Yin H, Zheng M, Zhu Y, Wang H.		Schizophrenia; First-degree relatives; Machine Learning; Functional Connectivity; Cognitive Impairments
32218835	PMC7068237	10.3892/ol.2020.11381	2020	Oncology letters	Gene expression profiling identified TP53<sup>Mut</sup>PIK3CA<sup>Wild</sup> as a potential biomarker for patients with triple-negative breast cancer treated with immune checkpoint inhibitors.	Cheng J, Ding X, Xu S, Zhu B, Jia Q.		Biomarker; Triple-negative Breast Cancer; Immune Checkpoint Inhibitors; Tp53mutpik3cawild
25646976	PMC4315436	10.1371/journal.pcbi.1004067	2015	PLoS computational biology	Exploring bacterial organelle interactomes: a model of the protein-protein interaction network in the Pdu microcompartment.	Jorda J, Liu Y, Bobik TA, Yeates TO.	Organelles; Bacteria; Bacterial Proteins; Computational Biology; Models, Biological; Models, Molecular; Protein Interaction Maps	
29849042	PMC5976622	10.1038/s41467-018-04552-7	2018	Nature communications	Distinct epigenomic patterns are associated with haploinsufficiency and predict risk genes of developmental disorders.	Han X, Chen S, Flynn E, Wu S, Wintner D, Shen Y.	Humans; Heart Defects, Congenital; Genetic Predisposition to Disease; Risk Factors; Developmental Disabilities; Computational Biology; Epigenomics; Haploinsufficiency; Exome Sequencing	
33039708	PMC7648120	10.1016/j.ebiom.2020.103042	2020	EBioMedicine	MRI-based machine learning radiomics can predict HER2 expression level and pathologic response after neoadjuvant therapy in HER2 overexpressing breast cancer.	Bitencourt AGV, Gibbs P, Rossi Saccarelli C, Daimiel I, Lo Gullo R, Fox MJ, Thakur S, Pinker K, Morris EA, Morrow M, Jochelson MS.	Humans; Breast Neoplasms; Receptor, erbB-2; Imaging, Three-Dimensional; Magnetic Resonance Imaging; Neoadjuvant Therapy; ROC Curve; Gene Expression; Image Processing, Computer-Assisted; Adult; Aged; Middle Aged; Female; Young Adult; Biomarkers; Machine Learning	Magnetic Resonance Imaging; Neoadjuvant Therapy; Machine Learning; Her2; Erbb-2 Receptor; Breast Invasive Ductal Carcinoma
31058230	PMC6495231	10.1128/msystems.00058-19	2019	mSystems	Intermittent Hypoxia and Hypercapnia Reproducibly Change the Gut Microbiome and Metabolome across Rodent Model Systems.	Tripathi A, Xu ZZ, Xue J, Poulsen O, Gonzalez A, Humphrey G, Meehan MJ, Melnik AV, Ackermann G, Zhou D, Malhotra A, Haddad GG, Dorrestein PC, Knight R.		Metabolism; Sleep Apnea; Machine Learning; Microbiome; cardiovascular
19091017	PMC2638158	10.1186/1471-2105-9-s12-s18	2008	BMC bioinformatics	Semi-automatic conversion of BioProp semantic annotation to PASBio annotation.	Tsai RT, Dai HJ, Huang CH, Hsu WL.	Humans; Reproducibility of Results; Language; Computational Biology; Algorithms; Models, Theoretical; Automation; Semantics; Artificial Intelligence; Natural Language Processing; Software; Programming Languages; Pattern Recognition, Automated; Terminology as Topic	
29263361	PMC5738356	10.1038/s41467-017-01827-3	2017	Nature communications	Supervised learning in spiking neural networks with FORCE training.	Nicola W, Clopath C.	Nerve Net; Animals; Songbirds; Vocalization, Animal; Learning; Models, Neurological; Supervised Machine Learning	
32620137	PMC7333383	10.1186/s13059-020-02075-3	2020	Genome biology	Single-cell ATAC-seq signal extraction and enhancement with SCATE.	Ji Z, Zhou W, Hou W, Ji H.	Leukocytes, Mononuclear; Stem Cells; Humans; Sequence Analysis, DNA; Models, Biological; Software; Regulatory Elements, Transcriptional; Single-Cell Analysis	Gene regulation; Single cell; Bioinformatics; Software; Genomics; chromatin; Machine Learning; Statistical Modeling; Dnase-seq; Scatac-seq
24348896	PMC3864407	10.1371/journal.pone.0078733	2013	PloS one	March of the titans: the locomotor capabilities of sauropod dinosaurs.	Sellers WI, Margetts L, Coria RA, Manning PL.	Animals; Dinosaurs; Body Size; Gait; Locomotion; Models, Biological; Fossils; Computer Simulation; Biomechanical Phenomena	
18586734	PMC2665034	10.1093/bioinformatics/btn189	2008	Bioinformatics (Oxford, England)	Modeling peptide fragmentation with dynamic Bayesian networks for peptide identification.	Klammer AA, Reynolds SM, Bilmes JA, MacCoss MJ, Noble WS.	Peptide Mapping; Bayes Theorem; Sequence Analysis, Protein; Amino Acid Sequence; Algorithms; Artificial Intelligence; Molecular Sequence Data; Pattern Recognition, Automated; Mass Spectrometry	
18834494	PMC2559987	10.1186/gb-2008-9-s2-s3	2008	Genome biology	Overview of BioCreative II gene normalization.	Morgan AA, Lu Z, Wang X, Cohen AM, Fluck J, Ruch P, Divoli A, Fundel K, Leaman R, Hakenberg J, Sun C, Liu HH, Torres R, Krauthammer M, Lau WW, Liu H, Hsu CN, Schuemie M, Cohen KB, Hirschman L.	Animals; Humans; Reproducibility of Results; Computational Biology; Genes; Abstracting and Indexing; PubMed; MEDLINE; Databases, Genetic; Societies, Scientific	
26957000		10.1080/07391102.2016.1163294	2017	Journal of biomolecular structure & dynamics	OH-PRED: prediction of protein hydroxylation sites by incorporating adapted normal distribution bi-profile Bayes feature extraction and physicochemical properties of amino acids.	Jia CZ, He WY, Yao YH.	Humans; Amino Acids; Proteins; Bayes Theorem; Normal Distribution; Computational Biology; Hydroxylation; Algorithms; Software; Position-Specific Scoring Matrices; Web Browser; Support Vector Machine	Physicochemical properties; SVM; Protein Hydroxylation; Anbpb
31132080	PMC6657583	10.1093/toxsci/kfz123	2019	Toxicological sciences : an official journal of the Society of Toxicology	Aneugen Molecular Mechanism Assay: Proof-of-Concept With 27 Reference Chemicals.	Bernacki DT, Bryce SM, Bemis JC, Dertinger SD.	Cells, Cultured; Humans; DNA Damage; Histones; Ki-67 Antigen; Aneugens; Mutagenicity Tests; Machine Learning; Neural Networks, Computer	Flow cytometry; Aneugen; Tk6 Cells; Mitotic Kinase Inhibitors; Spindle Poisons
31058383	PMC6832773	10.1002/glia.23632	2020	Glia	A roadmap to integrate astrocytes into Systems Neuroscience.	Kastanenka KV, Moreno-Bote R, De Pittà M, Perea G, Eraso-Pichot A, Masgrau R, Poskanzer KE, Galea E.	Brain; Astrocytes; Neurons; Animals; Humans; Systems Biology; Neurosciences; Brain Chemistry; Optogenetics	Astrocytes; Dimensionality Reduction; Predictive Coding; Decoding; Energy-efficient Coding
30448611	PMC6478501	10.1016/j.neurobiolaging.2018.10.016	2019	Neurobiology of aging	Brain age from the electroencephalogram of sleep.	Sun H, Paixao L, Oliva JT, Goparaju B, Carvalho DZ, van Leeuwen KG, Akeju O, Thomas RJ, Cash SS, Bianchi MT, Westover MB.	Brain; Humans; Hypertension; Diabetes Mellitus; Electroencephalography; Sleep; Time Factors; Adult; Middle Aged; Female; Male; Biomarkers; Machine Learning; Healthy Aging	EEG; Sleep; Machine Learning; Brain Age
34345532	PMC8288037	10.1080/2162402x.2021.1944553	2021	Oncoimmunology	CanImmunother: a manually curated database for identification of cancer immunotherapies associating with biomarkers, targets, and clinical effects.	Zhang W, Zeng B, Lin H, Guan W, Mo J, Wu S, Wei Y, Zhang Q, Yu D, Li W, Chan GC.	Humans; Neoplasms; Immunotherapy; Databases, Factual; Biomarkers, Tumor	Database; Tumor vaccine; Biomarker; Cancer Immunotherapy; Immune Checkpoint
25878156	PMC4507953	10.1152/jn.00840.2014	2015	Journal of neurophysiology	Classification of pallidal oscillations with increasing parkinsonian severity.	Connolly AT, Jensen AL, Baker KB, Vitek JL, Johnson MD.	Globus Pallidus; Animals; Macaca mulatta; MPTP Poisoning; Alpha Rhythm; Beta Rhythm; Severity of Illness Index; Microelectrodes; Periodicity; Signal Processing, Computer-Assisted; Female; Male; Support Vector Machine	Support vector machine; Parkinson's Disease; Machine Learning; Phase-amplitude Coupling
26541179		10.2217/epi.15.69	2015	Epigenomics	High-throughput long noncoding RNA profiling for diagnostic and prognostic markers in cancer: opportunities and challenges.	Sun Z.	Humans; Neoplasms; Prognosis; Data Interpretation, Statistical; Gene Expression Profiling; High-Throughput Screening Assays; RNA, Long Noncoding; Biomarkers, Tumor	Cancer; Challenges; Treatment Target; Prognostic Marker; Outcome Prediction; Diagnostic Marker; Long Noncoding Rna
31871774	PMC6908647	10.1038/s41392-019-0081-6	2019	Signal transduction and targeted therapy	Integrative analysis of DNA methylation and gene expression identified cervical cancer-specific diagnostic biomarkers.	Xu W, Xu M, Wang L, Zhou W, Xiang R, Shi Y, Zhang Y, Piao Y.		Genome Informatics; Tumour Biomarkers
29790392	PMC6172579	10.1152/ajprenal.00104.2018	2018	American journal of physiology. Renal physiology	Interleukin 1 receptor (IL-1R1) activation exacerbates toxin-induced acute kidney injury.	Privratsky JR, Zhang J, Lu X, Rudemiller N, Wei Q, Yu YR, Gunn MD, Crowley SD.	Kidney; Neutrophils; Macrophages; Animals; Mice, Inbred C57BL; Mice, Knockout; Disease Models, Animal; Cisplatin; Tumor Necrosis Factor-alpha; Inflammation Mediators; Flow Cytometry; Cell Separation; Stochastic Processes; Cell Communication; Signal Transduction; Female; Male; Receptors, Interleukin-1 Type I; Mice, 129 Strain; Acute Kidney Injury; Machine Learning	Interleukin-1; Myeloid; Acute Kidney Injury
32826857	PMC7442807	10.1038/s41398-020-00957-5	2020	Translational psychiatry	Machine learning for effectively avoiding overfitting is a crucial strategy for the genetic prediction of polygenic psychiatric phenotypes.	Takahashi Y, Ueki M, Tamiya G, Ogishima S, Kinoshita K, Hozawa A, Minegishi N, Nagami F, Fukumoto K, Otsuka K, Tanno K, Sakata K, Shimizu A, Sasaki M, Sobue K, Kure S, Yamamoto M, Tomita H.	Multifactorial Inheritance; Phenotype; Polymorphism, Single Nucleotide; Models, Genetic; Japan; Machine Learning	
22913485	PMC3542245	10.1186/1471-2105-13-211	2012	BMC bioinformatics	NetiNeti: discovery of scientific names from text using machine learning methods.	Akella LM, Norton CN, Miller H.	Animals; Classification; Artificial Intelligence; PubMed; MEDLINE; Data Mining	
28065610	PMC5821114	10.1016/j.cub.2016.11.040	2017	Current biology : CB	Neural Circuit Inference from Function to Structure.	Real E, Asari H, Gollisch T, Meister M.	Neurons; Retinal Ganglion Cells; Animals; Action Potentials; Models, Neurological; Caudata	Retina; Vision; Neurophysiology; bipolar cells; Ganglion cells; Machine Learning; Neural Code; Computational Neuroscience; Circuit Model; Brain Circuit
33510068	PMC8328792	10.4103/1673-5374.306071	2021	Neural regeneration research	Predictive models for mild cognitive impairment to Alzheimer's disease conversion.	Skolariki K, Terrera GM, Danso SO.		
33126877	PMC7596958	10.1186/s12920-020-00807-9	2020	BMC medical genomics	A new efficient method to detect genetic interactions for lung cancer GWAS.	Luyapan J, Ji X, Li S, Xiao X, Zhu D, Duell EJ, Christiani DC, Schabath MB, Arnold SM, Zienolddiny S, Brunnström H, Melander O, Thornquist MD, MacKenzie TA, Amos CI, Gui J.	Humans; Lung Neoplasms; Genetic Predisposition to Disease; Prognosis; Survival Rate; Case-Control Studies; Computational Biology; Gene Expression Regulation, Neoplastic; Genotype; Polymorphism, Single Nucleotide; Algorithms; Adolescent; Adult; Aged; Aged, 80 and over; Middle Aged; Female; Male; Genome-Wide Association Study; Young Adult; Multifactor Dimensionality Reduction; Biomarkers, Tumor	Lung cancer; Machine Learning; Genome-wide Association Study; Genetic Interactions
31874628	PMC6929456	10.1186/s12864-019-6305-x	2019	BMC genomics	scReClassify: post hoc cell type classification of single-cell rNA-seq data.	Kim T, Lo K, Geddes TA, Kim HJ, Yang JYH, Yang P.	Animals; Humans; Mice; Software; Single-Cell Analysis; Machine Learning; RNA-Seq	Scrna-seq; Single-cell Rna-seq; Cell Type Classification; Class Label Noise
27855170	PMC5113897	10.1371/journal.pone.0164649	2016	PloS one	Identification of an Efficient Gene Expression Panel for Glioblastoma Classification.	Crisman TJ, Zelaya I, Laks DR, Zhao Y, Kawaguchi R, Gao F, Kornblum HI, Coppola G.	Humans; Glioblastoma; Brain Neoplasms; Prognosis; Reproducibility of Results; Gene Expression Profiling; Computational Biology; Genomics; Algorithms; Kaplan-Meier Estimate; Molecular Sequence Annotation; Transcriptome; Web Browser; Datasets as Topic	
33133228	PMC7591939	10.1155/2020/8926750	2020	Computational and mathematical methods in medicine	A Method for Identifying Vesicle Transport Proteins Based on LibSVM and MRMD.	Tao Z, Li Y, Teng Z, Zhao Y.	Humans; Vesicular Transport Proteins; Computational Biology; Algorithms; Databases, Protein; Mathematical Concepts; Support Vector Machine	
27191382	PMC4931851	10.18632/aging.100968	2016	Aging	Deep biomarkers of human aging: Application of deep neural networks to biomarker development.	Putin E, Mamoshina P, Aliper A, Korzinkin M, Moskalev A, Kolosov A, Ostrovskiy A, Cantor C, Vijg J, Zhavoronkov A.	Nerve Net; Humans; Urea; Alkaline Phosphatase; Blood Glucose; Serum Albumin; Physical Examination; Erythrocyte Count; Aging; Models, Biological; Biomarkers	Biomarker Development; Human Aging; Machine Learning; Deep Neural Networks; Deep Learning; Aging Biomarkers
34093642	PMC8175075	10.3389/fgene.2021.636441	2021	Frontiers in genetics	Machine Learning Assisted Prediction of Prognostic Biomarkers Associated With COVID-19, Using Clinical and Proteomics Data.	Sardar R, Sharma A, Gupta D.		Feature Selection; Machine Learning; Biomarkers Discovery; Proteomics And Bioinformatics; Covid-19
32300371	PMC7142336	10.1155/2020/1384749	2020	Computational and mathematical methods in medicine	HMMPred: Accurate Prediction of DNA-Binding Proteins Based on HMM Profiles and XGBoost Feature Selection.	Sang X, Xiao W, Zheng H, Yang Y, Liu T.	Humans; Amino Acids; DNA-Binding Proteins; Markov Chains; ROC Curve; Computational Biology; Amino Acid Sequence; Algorithms; Databases, Protein; Machine Learning; Support Vector Machine	
24675637	PMC3967921	10.1371/journal.pcbi.1003501	2014	PLoS computational biology	An integrated model of multiple-condition ChIP-Seq data reveals predeterminants of Cdx2 binding.	Mahony S, Edwards MD, Mazzoni EO, Sherwood RI, Kakumanu A, Morrison CA, Wichterle H, Gifford DK.	Cell Line; Animals; Mice; Homeodomain Proteins; Cluster Analysis; Bayes Theorem; Chromatin Immunoprecipitation; Sequence Analysis, DNA; Computational Biology; Binding Sites; Amino Acid Motifs; Protein Binding; Genome; Artificial Intelligence; Embryonic Stem Cells; CDX2 Transcription Factor	
28807860	PMC5610945	10.1016/j.jneumeth.2017.08.010	2017	Journal of neuroscience methods	Hidden Markov modeling of frequency-following responses to Mandarin lexical tones.	Llanos F, Xie Z, Chandrasekaran B.	Brain; Humans; Electroencephalography; Markov Chains; Pitch Perception; Speech Perception; Neuropsychological Tests; Neuronal Plasticity; Models, Neurological; Female; Male; Young Adult; Machine Learning	Plasticity; Hidden Markov model; Machine Learning; Frequency-following Response; Pitch Encoding
31856830	PMC6923882	10.1186/s12920-019-0630-4	2019	BMC medical genomics	Identification of lung cancer gene markers through kernel maximum mean discrepancy and information entropy.	Zhao Z, Peng H, Zhang X, Zheng Y, Chen F, Fang L, Li J.	Humans; Lung Neoplasms; Genetic Markers; Gene Expression Profiling; Computational Biology; Entropy; Machine Learning	Lung cancer; Information theory; Biomarker Discovery; Maximum Mean Discrepancy
23102953		10.3168/jds.2012-5630	2013	Journal of dairy science	The gradient boosting algorithm and random boosting for genome-assisted evaluation in large data sets.	González-Recio O, Jiménez-Montero JA, Alenda R.	Animals; Cattle; Genotype; Quantitative Trait, Heritable; Phenotype; Polymorphism, Single Nucleotide; Genome; Algorithms; Models, Genetic; Artificial Intelligence; Databases, Genetic; Male	
30857591	PMC6436896	10.7554/elife.39397	2019	eLife	Learning protein constitutive motifs from sequence data.	Tubiana J, Cocco S, Monasson R.	Humans; Escherichia coli; Proteins; Escherichia coli Proteins; Ligands; Models, Statistical; Probability; Normal Distribution; Protein Interaction Mapping; Computational Biology; Phylogeny; Mutagenesis; Amino Acid Motifs; Protein Structure, Secondary; Protein Binding; Algorithms; HSP70 Heat-Shock Proteins; Genetic Association Studies; Machine Learning	Sequence analysis; Coevolution; systems biology; computational biology; Machine Learning; None; Physics Of Living Systems
28747397	PMC5550971	10.1098/rsif.2017.0203	2017	Journal of the Royal Society, Interface	Changes and classification in myocardial contractile function in the left ventricle following acute myocardial infarction.	Gao H, Aderhold A, Mangion K, Luo X, Husmeier D, Berry C.	Heart Ventricles; Humans; Myocardial Infarction; Case-Control Studies; Myocardial Contraction; Ventricular Function; Adult; Aged; Middle Aged; Female; Male	Myocardial infarction; contractility; statistical inference; Immersed Boundary Method; Machine Learning; Cardiac Modelling
30769139		10.1016/j.gene.2019.01.014	2019	Gene	Identifying mutation positions in all segments of influenza genome enables better differentiation between pandemic and seasonal strains.	Kargarfard F, Sami A, Hemmatzadeh F, Ebrahimie E.	Humans; Viral Proteins; Sequence Analysis, DNA; Computational Biology; Seasons; Mutation; Algorithms; Influenza, Human; Influenza A Virus, H1N1 Subtype; Host Specificity; Pandemics; Supervised Machine Learning	Expert system; hot spots; Pandemic influenza; Association Rule Mining; Cba; Ripper Algorithm
26422234	PMC4589233	10.1371/journal.pone.0139571	2015	PloS one	PATBox: A Toolbox for Classification and Analysis of P-Type ATPases.	Søndergaard D, Pedersen CN.	Animals; Humans; Computational Biology; Sequence Homology, Amino Acid; Software; Adenosine Triphosphatases	
33535965	PMC7860026	10.1186/s12864-021-07379-7	2021	BMC genomics	Authoritative subspecies diagnosis tool for European honey bees based on ancestry informative SNPs.	Momeni J, Parejo M, Nielsen RO, Langa J, Montes I, Papoutsis L, Farajzadeh L, Bendixen C, Căuia E, Charrière JD, Coffey MF, Costa C, Dall'Olio R, De la Rúa P, Drazic MM, Filipi J, Galea T, Golubovski M, Gregorc A, Grigoryan K, Hatjina F, Ilyasov R, Ivanova E, Janashia I, Kandemir I, Karatasou A, Kekecoglu M, Kezic N, Matray ES, Mifsud D, Moosbeckhofer R, Nikolenko AG, Papachristoforou A, Petrov P, Pinto MA, Poskryakov AV, Sharipov AY, Siceanu A, Soysal MI, Uzunov A, Zammit-Mangion M, Vingborg R, Bouga M, Kryger P, Meixner MD, Estonba A.	Animals; Bees; Genotype; Polymorphism, Single Nucleotide; Geography; Europe; Biological Evolution	Biodiversity; Prediction; Conservation; Machine Learning; Apis Mellifera, European Subspecies
32878308	PMC7569858	10.3390/metabo10090357	2020	Metabolites	Targeted Metabolic Profiling of Urine Highlights a Potential Biomarker Panel for the Diagnosis of Alzheimer's Disease and Mild Cognitive Impairment: A Pilot Study.	Yilmaz A, Ugur Z, Bisgin H, Akyol S, Bahado-Singh R, Wilson G, Imam K, Maddens ME, Graham SF.		Urine; Biomarkers; Alzheimer’s disease; Metabolomics; Machine Learning; Mild Cognitive Impairment; Pacs: J0101
30950198	PMC6737184	10.1111/pbi.13117	2019	Plant biotechnology journal	A directed learning strategy integrating multiple omic data improves genomic prediction.	Hu X, Xie W, Wu C, Xu S.	Genetic Markers; Models, Statistical; Genomics; Phenotype; Polymorphism, Single Nucleotide; Quantitative Trait Loci; Models, Genetic; Metabolome; Transcriptome; Oryza; Supervised Machine Learning	Lasso; Genomic Prediction; Genetic Features; Directed Learning; Multiple Omic Data
31308377	PMC6629660	10.1038/s41467-019-10898-3	2019	Nature communications	Patient-specific cancer genes contribute to recurrently perturbed pathways and establish therapeutic vulnerabilities in esophageal adenocarcinoma.	Mourikis TP, Benedetti L, Foxall E, Temelkovski D, Nulsen J, Perner J, Cereda M, Lagergren J, Howell M, Yau C, Fitzgerald RC, Scaffidi P, Oesophageal Cancer Clinical and Molecular Stratification (OCCAMS) Consortium, Ciccarelli FD.	Humans; Adenocarcinoma; Esophageal Neoplasms; Disease Progression; Genomic Instability; Antineoplastic Agents; Gene Expression Profiling; Computational Biology; Gene Expression Regulation, Neoplastic; Gene Dosage; Polymorphism, Single Nucleotide; Multigene Family; Models, Genetic; Mutation Rate; Datasets as Topic; Machine Learning; Biomarkers, Tumor; Precision Medicine	
30794638	PMC6386402	10.1371/journal.pone.0212665	2019	PloS one	Machine learning models for early sepsis recognition in the neonatal intensive care unit using readily available electronic health record data.	Masino AJ, Harris MC, Forsyth D, Ostapenko S, Srinivasan L, Bonafide CP, Balamuth F, Schmatz M, Grundmeier RW.	Humans; Sepsis; Diagnosis, Computer-Assisted; Critical Care; Retrospective Studies; Models, Biological; Infant; Infant, Newborn; Female; Male; Electronic Health Records; Machine Learning	
32545899	PMC7352871	10.3390/ijms21124236	2020	International journal of molecular sciences	Differential Urinary Proteome Analysis for Predicting Prognosis in Type 2 Diabetes Patients with and without Renal Dysfunction.	Ahn HS, Kim JH, Jeong H, Yu J, Yeom J, Song SH, Kim SS, Kim IJ, Kim K.	Urine; Humans; Diabetic Nephropathies; Diabetes Mellitus, Type 2; G(M2) Activator Protein; Acid Phosphatase; Calcium-Binding Proteins; Extracellular Matrix Proteins; Prognosis; Chromatography, Liquid; Case-Control Studies; Retrospective Studies; Proteomics; Adult; Aged; Middle Aged; Female; Male; Mass Spectrometry; Mucin-1; Cathepsin A; Biomarkers; Support Vector Machine	Urine; Mass spectrometry; Proteomics; Machine Learning; Kidney Function; Diabetic Kidney Disease; Statistical Clinical Model
33005419	PMC7520974	10.1186/s40364-020-00215-2	2020	Biomarker research	FibroBox: a novel noninvasive tool for predicting significant liver fibrosis and cirrhosis in HBV infected patients.	Lu XJ, Yang XJ, Sun JY, Zhang X, Yuan ZX, Li XH.		HBV; Liver fibrosis; Machine Learning; Noninvasive Diagnosis
32915321	PMC7497297	10.1007/s11306-020-01717-8	2020	Metabolomics : Official journal of the Metabolomic Society	MetaboShiny: interactive analysis and metabolite annotation of mass spectrometry-based metabolomics data.	Wolthuis JC, Magnusdottir S, Pras-Raves M, Moshiri M, Jans JJM, Burgering B, van Mil S, de Ridder J.	Humans; Lung Neoplasms; Data Interpretation, Statistical; Computational Biology; Software; Databases, Factual; Tandem Mass Spectrometry; Metabolomics; Data Curation; Machine Learning	Mass spectrometry; Statistics; Metabolomics; Machine Learning; R; Annotation; Direct Infusion
32002757	PMC7598837	10.1007/s10620-020-06091-y	2020	Digestive diseases and sciences	Tools for Analysis of the Microbiome.	Galloway-Peña J, Hanson B.	Animals; Humans; Sequence Analysis, DNA; Computational Biology; Metagenomics; High-Throughput Nucleotide Sequencing; Microbiota; Machine Learning	Data analysis; Visualization; Metagenomics; Microbiome
31849986	PMC6896948	10.3389/fimmu.2019.02818	2019	Frontiers in immunology	Editorial: Methods and Applications of Computational Immunology.	Chain B, Greiff V, Textor J, Yaari G.	Humans; Computational Biology; Immunity; Models, Immunological	Bioinformatics; computational biology; Mathematical Modeling; Innate And Adaptive Immune Response; Systems Immunology
22532634	PMC3396452	10.1136/annrheumdis-2011-200968	2012	Annals of the rheumatic diseases	A CD4 T cell gene signature for early rheumatoid arthritis implicates interleukin 6-mediated STAT3 signalling, particularly in anti-citrullinated peptide antibody-negative disease.	Pratt AG, Swan DC, Richardson S, Wilson G, Hilkens CM, Young DA, Isaacs JD.	CD4-Positive T-Lymphocytes; Humans; Arthritis, Rheumatoid; Peptides, Cyclic; Interleukin-6; Autoantibodies; Early Diagnosis; Signal Transduction; Adult; Aged; Middle Aged; Female; Male; STAT3 Transcription Factor; Biomarkers	
34034523	PMC8150043	10.1098/rspb.2021.0338	2021	Proceedings. Biological sciences	The emergence of cooperation by evolutionary generalization.	Geoffroy F, André JB.	Humans; Cooperative Behavior; Reward; Biological Evolution	Machine Learning; Interdependence; By-product Cooperation; Bootstrapping Problem; Human Cooperative Syndrome
31857725	PMC7054390	10.1038/s41416-019-0694-0	2020	British journal of cancer	Development of PancRISK, a urine biomarker-based risk score for stratified screening of pancreatic cancer patients.	Blyuss O, Zaikin A, Cherepanova V, Munblit D, Kiseleva EM, Prytomanova OM, Duffy SW, Crnogorac-Jurcevic T.	Humans; Carcinoma, Pancreatic Ductal; Pancreatic Neoplasms; Creatinine; Vesicular Transport Proteins; Neoplasm Staging; Models, Statistical; Logistic Models; Risk; Case-Control Studies; Predictive Value of Tests; Algorithms; Aged; Middle Aged; Lithostathine; Early Detection of Cancer; Machine Learning; Biomarkers, Tumor; Trefoil Factor-1	
32606311	PMC7327047	10.1038/s41467-020-17031-9	2020	Nature communications	A framework for on-implant spike sorting based on salient feature selection.	Shaeri M, Sodagar AM.	Brain; Neurons; Humans; Electrophysiology; Action Potentials; Algorithms; Models, Neurological; Signal Processing, Computer-Assisted; Implantable Neurostimulators	
25823003	PMC4378968	10.1371/journal.pone.0120364	2015	PloS one	Hierarchical gene selection and genetic fuzzy system for cancer microarray data classification.	Nguyen T, Khosravi A, Creighton D, Nahavandi S.	Humans; Neoplasms; Leukemia; DNA, Neoplasm; Oligonucleotide Array Sequence Analysis; Data Interpretation, Statistical; Models, Statistical; ROC Curve; Gene Expression Profiling; Computational Biology; Algorithms; Fuzzy Logic; Models, Genetic; Databases, Genetic; Decision Support Systems, Clinical; Lymphoma, Large B-Cell, Diffuse; Supervised Machine Learning; Unsupervised Machine Learning	
28332994	PMC5377911	10.1016/j.ijrobp.2017.01.236	2017	International journal of radiation oncology, biology, physics	Predicting Patient-specific Dosimetric Benefits of Proton Therapy for Skull-base Tumors Using a Geometric Knowledge-based Method.	Hall DC, Trofimov AV, Winey BA, Liebsch NJ, Paganetti H.	Humans; Skull Base Neoplasms; Prognosis; Radiotherapy Dosage; Radiotherapy Planning, Computer-Assisted; Sensitivity and Specificity; Reproducibility of Results; Dose-Response Relationship, Radiation; Models, Biological; Computer Simulation; Patient-Centered Care; Knowledge Bases; Machine Learning	
33583184		10.1021/acs.chemrestox.1c00032	2021	Chemical research in toxicology	Introduction to Special Issue: Computational Toxicology.	Kleinstreuer NC, Tetko IV, Tong W.	Animals; Humans; Toxicity Tests; Computational Biology; Structure-Activity Relationship; Artificial Intelligence; High-Throughput Screening Assays; Machine Learning	
32711252	PMC7387776	10.1016/j.ebiom.2020.102900	2020	EBioMedicine	Blood speaks: Personalised medicine profiling for heart failure patients.	Firouzi F, Sussman MA.	Humans; Heart Failure; Precision Medicine	
28696170		10.1094/phyto-04-17-0162-r	2017	Phytopathology	Predicting Ascospore Release of Monilinia vaccinii-corymbosi of Blueberry with Machine Learning.	Harteveld DOC, Grant MR, Pscheidt JW, Peever TL.	Ascomycota; Spores, Fungal; Models, Biological; Machine Learning; Blueberry Plants	
25175491		10.1002/ijc.29172	2015	International journal of cancer	A three-gene panel that distinguishes benign from malignant thyroid nodules.	Zheng B, Liu J, Gu J, Lu Y, Zhang W, Li M, Lu H.	Humans; Thyroid Neoplasms; Thyroid Nodule; Carbonic Anhydrases; Diagnosis, Differential; Prognosis; Reproducibility of Results; Gene Expression Profiling; Gene Expression Regulation, Neoplastic; Adult; Aged; Middle Aged; Female; Male; Neuroendocrine Secretory Protein 7B2; Young Adult; Dipeptidyl Peptidase 4; Datasets as Topic; Biomarkers, Tumor	Prediction model; Biomarkers; Thyroid cancer; Machine Learning; Diagnostic Panel
30822279	PMC6428110	10.18632/aging.101842	2019	Aging	Age-dependent co-dependency structure of biomarkers in the general population of the United States.	Le Goallec A, Patel CJ.	Humans; Body Weight; Cholesterol; Blood Glucose; Nutrition Surveys; Risk Factors; Predictive Value of Tests; Gene Expression Regulation; Aging; Adult; Aged; Aged, 80 and over; Middle Aged; Female; Male; Biomarkers; Racial Groups	Aging; Biomarkers; Machine Learning; Demographics; Correlations
33497380	PMC7864437	10.1371/journal.pcbi.1008620	2021	PLoS computational biology	Dysregulation of excitatory neural firing replicates physiological and functional changes in aging visual cortex.	Talyansky S, Brinkman BAW.	Visual Cortex; Neurons; Animals; Cats; Computational Biology; Action Potentials; Aging; Neuronal Plasticity; Models, Neurological; Machine Learning	
32437685	PMC7250142	10.1016/j.cels.2020.04.006	2020	Cell systems	Lattice Light-Sheet Microscopy Multi-dimensional Analyses (LaMDA) of T-Cell Receptor Dynamics Predict T-Cell Signaling States.	Rosenberg J, Cao G, Borja-Prieto F, Huang J.	T-Lymphocytes; Cell Membrane; Receptors, Antigen, T-Cell; Imaging, Three-Dimensional; Microscopy; Microscopy, Fluorescence; Signal Transduction; Image Processing, Computer-Assisted	T cell receptor; computational biology; Machine Learning; Lattice Light-sheet Microscopy
24895853	PMC4113968	10.1146/annurev-biophys-051013-022726	2014	Annual review of biophysics	Structural bioinformatics of the interactome.	Petrey D, Honig B.	Animals; Humans; Proteins; Computational Biology; Protein Interaction Maps	Protein-protein interaction; Machine Learning; Network Biology; Structural Systems Biology
28678787	PMC5517062	10.1371/journal.pcbi.1005641	2017	PLoS computational biology	Classification and analysis of a large collection of in vivo bioassay descriptions.	Zwierzyna M, Overington JP.	Biological Assay; Sensitivity and Specificity; Reproducibility of Results; Drug Evaluation, Preclinical; Natural Language Processing; Databases, Factual; High-Throughput Screening Assays; Data Mining; Machine Learning	
16524483	PMC1421439	10.1186/1471-2105-7-116	2006	BMC bioinformatics	Machine learning approaches to supporting the identification of photoreceptor-enriched genes based on expression data.	Wang H, Zheng H, Simpson D, Azuaje F.	Animals; Humans; Eye Proteins; Transcription Factors; Feasibility Studies; Gene Expression Profiling; Signal Transduction; Models, Biological; Artificial Intelligence; Computer Simulation; Pattern Recognition, Automated; Photoreceptor Cells	
28624633	PMC5650527	10.1016/j.drudis.2017.05.008	2017	Drug discovery today	From flamingo dance to (desirable) drug discovery: a nature-inspired approach.	Sánchez-Rodríguez A, Pérez-Castillo Y, Schürer SC, Nicolotti O, Mangiatordi GF, Borges F, Cordeiro MNDS, Tejera E, Medina-Franco JL, Cruz-Monteagudo M.	Humans; Drug Design; Drug Discovery; Biological Evolution	
31148311	PMC6679781	10.1002/hbm.24678	2019	Human brain mapping	Machine learning identifies unaffected first-degree relatives with functional network patterns and cognitive impairment similar to those of schizophrenia patients.	Jing R, Li P, Ding Z, Lin X, Zhao R, Shi L, Yan H, Liao J, Zhuo C, Lu L, Fan Y.	Cerebellum; Cerebral Cortex; Nerve Net; Humans; Magnetic Resonance Imaging; Sensitivity and Specificity; Family; Schizophrenia; Pattern Recognition, Automated; Adult; Female; Male; Young Adult; Connectome; Biomarkers; Machine Learning; Cognitive Dysfunction	Pattern classification; Cognitive impairment; Machine Learning; Functional Networks; Resting-state Functional Magnetic Resonance Imaging; Unaffected First-degree Relatives
27127534	PMC4834164	10.1155/2016/4809831	2016	Computational and mathematical methods in medicine	The Virtual Screening of the Drug Protein with a Few Crystal Structures Based on the Adaboost-SVM.	Wang MY, Li P, Qiao PL.	Humans; Hydrogen; Proteins; Ligands; Imaging, Three-Dimensional; Crystallization; Combinatorial Chemistry Techniques; Area Under Curve; Models, Statistical; Reproducibility of Results; ROC Curve; Computational Biology; Binding Sites; Protein Conformation; Protein Binding; Drug Design; Chemistry, Pharmaceutical; Algorithms; Software; Databases, Protein; Cathepsin K; Support Vector Machine	
26068103	PMC4466774	10.1371/journal.pone.0128570	2015	PloS one	A Ranking Approach to Genomic Selection.	Blondel M, Onogi A, Iwata H, Ueda N.	Plants; Models, Statistical; Genomics; Quantitative Trait, Heritable; Algorithms; Models, Genetic; Selection, Genetic; Datasets as Topic	
33953201	PMC8100175	10.1038/s41467-021-22869-8	2021	Nature communications	CopulaNet: Learning residue co-evolution directly from multiple sequence alignment for protein structure prediction.	Ju F, Zhu J, Shao B, Kong L, Liu TY, Zheng WM, Bu D.	Humans; Caspases; Proteins; Sequence Alignment; Computational Biology; Protein Structure, Tertiary; Mutation; Models, Molecular; Machine Learning; Neural Networks, Computer	
30388153	PMC6214550	10.1371/journal.pone.0206634	2018	PloS one	Predicting bacterial growth conditions from mRNA and protein abundances.	Caglar MU, Hockenberry AJ, Wilke CO.	Escherichia coli; Escherichia coli Proteins; Proteome; RNA, Messenger; Environment; Gene Expression; Models, Biological; Transcriptome; Machine Learning	
31362694	PMC6664791	10.1186/s12859-019-2999-7	2019	BMC bioinformatics	IRESpy: an XGBoost model for prediction of internal ribosome entry sites.	Wang J, Gribskov M.	Humans; 5' Untranslated Regions; RNA, Viral; Probability; Computational Biology; Base Sequence; Algorithms; Models, Theoretical; Software; Internal Ribosome Entry Sites	Bioinformatics; Machine Learning; internal ribosome entry site (IRES); Xgboost
34372798	PMC8351329	10.1186/s12885-021-08647-1	2021	BMC cancer	Using a machine learning approach to identify key prognostic molecules for esophageal squamous cell carcinoma.	Li MX, Sun XM, Cheng WG, Ruan HJ, Liu K, Chen P, Xu HJ, Gao SG, Feng XS, Qi YJ.	Humans; Prognosis; Reproducibility of Results; Gene Expression Profiling; Computational Biology; Algorithms; Kaplan-Meier Estimate; Transcriptome; Machine Learning; Biomarkers, Tumor; Esophageal Squamous Cell Carcinoma	Support vector machine; esophageal squamous cell carcinoma; Artificial neural Network; Machine Learning; Random Forest; Stratifin; Extreme Gradient Boosting; Logical Regression
30295871	PMC6237755	10.1093/nar/gky889	2018	Nucleic acids research	Multi-omic and multi-view clustering algorithms: review and cancer benchmark.	Rappoport N, Shamir R.	Humans; Neoplasms; Prognosis; Cluster Analysis; Models, Statistical; Probability; Bayes Theorem; Proteomics; Computational Biology; Genomics; Algorithms; Databases, Factual; Machine Learning	
32850117	PMC7431967	10.12688/f1000research.25813.1	2020	F1000Research	Recent advances in phenotypic drug discovery.	Swinney DC, Lee JA.	Phenotype; Artificial Intelligence; Drug Discovery; Molecular Targeted Therapy	Target; PDD; Empirical; Phenotypic Drug Discovery; Tdd; First In Class
33126851	PMC7602301	10.1186/s12859-020-03828-4	2020	BMC bioinformatics	m5CPred-SVM: a novel method for predicting m5C sites of RNA.	Chen X, Xiong Y, Liu Y, Chen Y, Bi S, Zhu X.	Animals; Humans; Mice; Arabidopsis; 5-Methylcytosine; RNA; ROC Curve; Base Sequence; Internet; Support Vector Machine	Support vector machine; Web Server; Computational Predictor; 5-Methylcytosine Sites; Position Specific Propensity
33953534	PMC8042551	10.1177/11769351211009229	2021	Cancer informatics	Computational Methods for Structure-to-Function Analysis of Diet-Derived Catechins-Mediated Targeting of In Vitro Vasculogenic Mimicry.	Uthamacumaran A, Suarez NG, Baniré Diallo A, Annabi B.		Ovarian cancer; Epithelial-mesenchymal Transition; Green Tea Catechins; Machine Learning; Vasculogenic mimicry; Computational Analysis
33194817	PMC7658686	10.3389/fcimb.2020.580980	2020	Frontiers in cellular and infection microbiology	Multiomics Study of Gut Bacteria and Host Metabolism in Irritable Bowel Syndrome and Depression Patients.	Xu C, Jia Q, Zhang L, Wang Z, Zhu S, Wang X, Liu Y, Li M, Zhang J, Wang X, Zhang J, Sun Q, Wang K, Zhu H, Duan L.	Feces; Humans; Bacteria; Irritable Bowel Syndrome; Depression; Gastrointestinal Microbiome	E. coli; E. Cloacae; Ure; Fucose Permease; Trehalose And Maltose Hydrolase
31137222		10.3934/mbe.2019123	2019	Mathematical biosciences and engineering : MBE	Identification of hormone binding proteins based on machine learning methods.	Tan JX, Li SH, Zhang ZM, Chen CX, Chen W, Tang H, Lin H.	Animals; Humans; Hormones; Amino Acids; Peptides; Carrier Proteins; Analysis of Variance; Reproducibility of Results; Computational Biology; Algorithms; Computer Simulation; Software; Databases, Protein; Machine Learning; Support Vector Machine	Support vector machine; Feature Selection; Webserver; Tripeptide Composition; Binomial Distribution Method; Hormone Binding Protein
34229736	PMC8259419	10.1186/s13075-021-02567-y	2021	Arthritis research & therapy	Machine learning model for identifying important clinical features for predicting remission in patients with rheumatoid arthritis treated with biologics.	Koo BS, Eun S, Shin K, Yoon H, Hong C, Kim DH, Hong S, Kim YG, Lee CK, Yoo B, Oh JS.	Humans; Arthritis, Rheumatoid; Antirheumatic Agents; Biological Products; Artificial Intelligence; Machine Learning; Adalimumab; Etanercept	Rheumatoid arthritis; Remission; Machine Learning; Biologics; Explainable Artificial Intelligence
32286325	PMC7156652	10.1038/s41467-020-15671-5	2020	Nature communications	Computational analysis of pathological images enables a better diagnosis of TFE3 Xp11.2 translocation renal cell carcinoma.	Cheng J, Han Z, Mehra R, Shao W, Cheng M, Feng Q, Ni D, Huang K, Cheng L, Zhang J.	Humans; Carcinoma, Renal Cell; Kidney Neoplasms; Translocation, Genetic; In Situ Hybridization, Fluorescence; Computational Biology; Image Processing, Computer-Assisted; Female; Male; Basic Helix-Loop-Helix Leucine Zipper Transcription Factors; Machine Learning	
30008861	PMC6036478	10.3892/ol.2018.8860	2018	Oncology letters	Cross talk of chromosome instability, CpG island methylator phenotype and mismatch repair in colorectal cancer.	Zhang TM, Huang T, Wang RF.		Mismatch repair; Chromosome Instability; Cpg Island Methylator Phenotype; Incremental Feature Selection; Random Walk With Restart; Minimal Redundancy Maximal Relevance
25404408	PMC4289375	10.1186/1471-2164-15-976	2014	BMC genomics	What do all the (human) micro-RNAs do?	Ultsch A, Lötsch J.	Humans; MicroRNAs; Computational Biology; Systems Biology; Transcription, Genetic; Gene Expression Regulation; Genome, Human; Artificial Intelligence	
32933477	PMC7493359	10.1186/s12859-020-03725-w	2020	BMC bioinformatics	Seagull: lasso, group lasso and sparse-group lasso regularization for linear regression models via proximal gradient descent.	Klosa J, Simon N, Westermark PO, Liebscher V, Wittenburg D.	Humans; Linear Models; Algorithms; Machine Learning	Optimization; Machine Learning; High-dimensional Data; R Package
27362985	PMC5775817	10.1109/tcbb.2016.2586042	2017	IEEE/ACM transactions on computational biology and bioinformatics	Detecting Pairwise Interactive Effects of Continuous Random Variables for Biomarker Identification with Small Sample Size.	Adl AA, Lee HS, Qian X.	Humans; Breast Neoplasms; Oligonucleotide Array Sequence Analysis; Models, Statistical; Sample Size; Gene Expression Profiling; Computational Biology; Female; Biomarkers; Supervised Machine Learning	
30046299	PMC6036855	10.1155/2018/3635845	2018	Computational intelligence and neuroscience	An Extreme Learning Machine Based on Artificial Immune System.	Tian HY, Li SJ, Wu TQ, Yao M.	Immune System; Animals; Humans; Models, Biological; Machine Learning; Neural Networks, Computer	
25280899	PMC4208705	10.1101/cshperspect.a013839	2014	Cold Spring Harbor perspectives in medicine	Genetic networks governing heart development.	Waardenberg AJ, Ramialison M, Bouveret R, Harvey RP.	Heart; Animals; Humans; Mice; Drosophila; RNA, Untranslated; Gene Expression Profiling; Epigenesis, Genetic; Gene Expression Regulation, Developmental; Musculoskeletal Development; Genome; Gene Regulatory Networks	
22408447	PMC3292016	10.3390/ijms13022196	2012	International journal of molecular sciences	Using support vector machine and evolutionary profiles to predict antifreeze protein sequences.	Zhao X, Ma Z, Yin M.	Amino Acids; Antifreeze Proteins; Computational Biology; Evolution, Molecular; Amino Acid Sequence; Algorithms; User-Computer Interface; Databases, Protein; Support Vector Machine	Antifreeze proteins; Support vector machine; Position Specific Scoring Matrix; Evolutionary Information; Web Sever
33240258	PMC7680913	10.3389/fimmu.2020.563335	2020	Frontiers in immunology	Circulating Neutrophil Extracellular Traps Signature for Identifying Organ Involvement and Response to Glucocorticoid in Adult-Onset Still's Disease: A Machine Learning Study.	Jia J, Wang M, Ma Y, Teng J, Shi H, Liu H, Sun Y, Su Y, Meng J, Chi H, Chen X, Cheng X, Ye J, Liu T, Wang Z, Wan L, Zhou Z, Wang F, Yang C, Hu Q.	Humans; Still's Disease, Adult-Onset; Cytokines; Glucocorticoids; Prognosis; Treatment Outcome; Case-Control Studies; Adult; Middle Aged; Female; Male; Young Adult; Extracellular Traps; Support Vector Machine; Cell-Free Nucleic Acids	Machine Learning; Adult-onset Still’s Disease; Organ Involvement; Circulating Neutrophil Extracellular Traps; Response To Glucocorticoid
34526509	PMC8443583	10.1038/s41467-021-25743-9	2021	Nature communications	Causality in digital medicine.		Humans; Computational Biology; Clinical Medicine; Causality; Biomedical Research; Machine Learning	
32344344		10.1016/j.foodchem.2020.126864	2020	Food chemistry	Novel scaffold of natural compound eliciting sweet taste revealed by machine learning.	Bouysset C, Belloir C, Antonczak S, Briand L, Fiorucci S.	Humans; Receptors, G-Protein-Coupled; Sweetening Agents; Taste; Machine Learning	Sweetener; Machine Learning; Natural Compounds; Sweet Taste Receptor; Sweet Taste
32298292	PMC7162491	10.1371/journal.pone.0231172	2020	PloS one	Development of a prediction model for hypotension after induction of anesthesia using machine learning.	Kang AR, Lee J, Jung W, Lee M, Park SY, Woo J, Kim SH.	Humans; Hypotension; Anesthetics; Monitoring, Intraoperative; Drug Delivery Systems; Anesthesia, General; Cholecystectomy, Laparoscopic; Bayes Theorem; Risk Assessment; Retrospective Studies; Feasibility Studies; ROC Curve; Intubation, Intratracheal; Models, Cardiovascular; Adult; Aged; Middle Aged; Female; Male; Electronic Health Records; Arterial Pressure; Machine Learning; Neural Networks, Computer	
33260881	PMC7760368	10.3390/biom10121606	2020	Biomolecules	A Customizable Analysis Flow in Integrative Multi-Omics.	Lancaster SM, Sanghi A, Wu S, Snyder MP.	Humans; Proteomics; Systems Biology; Mass Spectrometry; Metabolomics; Machine Learning	Bioinformatics; Study Design; Machine Learning; Multi-omics; Multi-omics Analysis; Analysis Flow
16634365		10.1191/0961203306lu2283rr	2006	Lupus	Mixed connective tissue disease.	Venables PJ.	Humans; Mixed Connective Tissue Disease; Ribonucleoprotein, U1 Small Nuclear	
30819107	PMC6394031	10.1186/s12859-019-2679-7	2019	BMC bioinformatics	MaGIC: a machine learning tool set and web application for monoallelic gene inference from chromatin.	Vinogradova S, Saksena SD, Ward HN, Vigneau S, Gimelbrant AA.	Chromatin; Animals; Humans; Mice; Reproducibility of Results; Genes; Alleles; Internet; Software; Machine Learning	chromatin; Monoallelic Expression; Chromatin Signature; Software Pipeline; Shiny App
31479437	PMC6743778	10.1371/journal.pcbi.1007276	2019	PLoS computational biology	Benchmarking network propagation methods for disease gene identification.	Picart-Armada S, Barrett SJ, Willé DR, Perera-Lluna A, Gutteridge A, Dessailly BH.	Humans; Disease; Computational Biology; Algorithms; Computer Simulation; Databases, Genetic; Benchmarking; Drug Discovery; Machine Learning	
29036374	PMC5860171	10.1093/bioinformatics/btx448	2017	Bioinformatics (Oxford, England)	Gating mass cytometry data by deep learning.	Li H, Shaham U, Stanton KP, Yao Y, Montgomery RR, Kluger Y.	Blood Cells; Humans; Calibration; Flow Cytometry; Cell Separation; Reproducibility of Results; Computational Biology; Reference Standards; Single-Cell Analysis; Machine Learning	
27491922		10.1002/minf.201500108	2016	Molecular informatics	A Random Forest Model for Predicting Allosteric and Functional Sites on Proteins.	Chen AS, Westwood NJ, Brear P, Rogers GW, Mavridis L, Mitchell JB.	Proteins; Computational Biology; Allosteric Site; Algorithms; Models, Theoretical; Databases, Protein; Machine Learning	Drug design; Machine Learning; Random Forest; Cheminformatics; Allosteric Site
19994907	PMC3169429	10.1021/cb900218c	2010	ACS chemical biology	Selective inhibition of DNA replicase assembly by a non-natural nucleotide: exploiting the structural diversity of ATP-binding sites.	Eng K, Scouten-Ponticelli SK, Sutton M, Berdis A.	Escherichia coli; DNA-Directed DNA Polymerase; Nucleotides; Viral Proteins; Adenosine Triphosphate; Enzyme Inhibitors; Nucleic Acid Synthesis Inhibitors; DNA Replication; Binding Sites; Protein Conformation	
22558141	PMC3340366	10.1371/journal.pone.0035327	2012	PloS one	Linking the epigenome to the genome: correlation of different features to DNA methylation of CpG islands.	Wrzodek C, Wrzodek C, Büchel F, Hinselmann G, Eichner J, Mittag F, Zell A.	Cell Line; Humans; Histones; DNA; DNA Methylation; Gene Expression Regulation; CpG Islands; Algorithms; Models, Genetic; Artificial Intelligence; Internet; Software; Promoter Regions, Genetic	
19630524	PMC2791337	10.1667/rr1796.1	2009	Radiation research	Radiation metabolomics. 3. Biomarker discovery in the urine of gamma-irradiated rats using a simplified metabolomics protocol of gas chromatography-mass spectrometry combined with random forests machine learning algorithm.	Lanz C, Patterson AD, Slavík J, Krausz KW, Ledermann M, Gonzalez FJ, Idle JR.	Animals; Rats; Rats, Wistar; Urinalysis; Whole-Body Irradiation; Algorithms; Gamma Rays; Artificial Intelligence; Software; Male; Gas Chromatography-Mass Spectrometry; Metabolome; Biomarkers	
18221567	PMC2275242	10.1186/1471-2105-9-57	2008	BMC bioinformatics	Gene function prediction using labeled and unlabeled data.	Zhao XM, Wang Y, Chen L, Aihara K.	Saccharomyces cerevisiae; Saccharomyces cerevisiae Proteins; Gene Expression Profiling; Protein Interaction Mapping; Signal Transduction; Multigene Family; Algorithms; Models, Biological; Computer Simulation	
25849257	PMC4388847	10.1371/journal.pcbi.1004074	2015	PLoS computational biology	Machine learning assisted design of highly active peptides for drug discovery.	Giguère S, Laviolette F, Marchand M, Tremblay D, Moineau S, Liang X, Biron É, Corbeil J.	Peptides; Antimicrobial Cationic Peptides; Sequence Analysis, Protein; Protein Interaction Mapping; Amino Acid Sequence; Structure-Activity Relationship; Molecular Sequence Data; Pattern Recognition, Automated; Bacterial Physiological Phenomena; Drug Discovery; Machine Learning	
34258160	PMC8261512	10.1002/advs.202100104	2021	Advanced science (Weinheim, Baden-Wurttemberg, Germany)	A Noninvasive Multianalytical Approach for Lung Cancer Diagnosis of Patients with Pulmonary Nodules.	Liu QX, Zhou D, Han TC, Lu X, Hou B, Li MY, Yang GX, Li QY, Pei ZH, Hong YY, Zhang YX, Chen WZ, Zheng H, He J, Dai JG.	Humans; Lung Neoplasms; Diagnosis, Differential; Sensitivity and Specificity; Prospective Studies; Reproducibility of Results; Predictive Value of Tests; DNA Methylation; Female; Male; Multiple Pulmonary Nodules; High-Throughput Nucleotide Sequencing; Machine Learning; Biomarkers, Tumor	Lung cancer diagnosis; Machine Learning; Pulmonary Nodules; Circulating Tumor Dna; Protein Cancer Biomarkers; Cfdna Methylation; Cfdna Mutations
33828982	PMC8019900	10.3389/fonc.2021.629321	2021	Frontiers in oncology	Improving the Prediction of Benign or Malignant Breast Masses Using a Combination of Image Biomarkers and Clinical Parameters.	Cui Y, Li Y, Xing D, Bai T, Dong J, Zhu J.		mammography; Clinical Prediction; Deep Learning; Image Feature; Radiomics
30891794	PMC6510637	10.1002/mp.13497	2019	Medical physics	Combining handcrafted features with latent variables in machine learning for prediction of radiation-induced lung damage.	Cui S, Luo Y, Tseng HH, Ten Haken RK, El Naqa I.	Humans; Carcinoma, Non-Small-Cell Lung; Lung Neoplasms; Treatment Outcome; Computational Biology; Machine Learning	Feature Selection; Machine Learning; Deep Neural Networks; Radiotherapy Outcome Modeling
34099697	PMC8185002	10.1038/s41467-021-23663-2	2021	Nature communications	A deep learning approach to identify gene targets of a therapeutic for human splicing disorders.	Gao D, Morini E, Salani M, Krauson AJ, Chekuri A, Sharma N, Ragavendran A, Erdin S, Logan EM, Li W, Dakka A, Narasimhan J, Zhao X, Naryshkin N, Trotta CR, Effenberger KA, Woll MG, Gabbeta V, Karp G, Yu Y, Johnson G, Paquette WD, Cutting GR, Talkowski ME, Slaugenhaupt SA.	Animals; Mice, Transgenic; Humans; Mice; Phenethylamines; Pyridazines; Cystic Fibrosis Transmembrane Conductance Regulator; tau Proteins; Gene Targeting; Computational Biology; RNA Splicing; Mutation; Exons; Sterol Esterase; HEK293 Cells; Transcriptome; MutL Protein Homolog 1; Deep Learning	
32681213	PMC7718328	10.1007/s13365-020-00877-6	2020	Journal of neurovirology	Using neuronal extracellular vesicles and machine learning to predict cognitive deficits in HIV.	Pulliam L, Liston M, Sun B, Narvid J.	Neurons; CD4-Positive T-Lymphocytes; Humans; HIV-1; HIV Infections; Neurofilament Proteins; tau Proteins; HMGB1 Protein; CD4 Lymphocyte Count; Area Under Curve; Case-Control Studies; Neuropsychological Tests; Gene Expression Regulation; Adult; Middle Aged; Female; Male; Biomarkers; Extracellular Vesicles; Support Vector Machine; Cognitive Dysfunction	HIV; Cognitive impairment; Hmgb1; Machine Learning; Nfl
33946997	PMC8125376	10.3390/molecules26092609	2021	Molecules (Basel, Switzerland)	Comparison of Targeted and Untargeted Approaches in Breath Analysis for the Discrimination of Lung Cancer from Benign Pulmonary Diseases and Healthy Persons.	Koureas M, Kalompatsios D, Amoutzias GD, Hadjichristodoulou C, Gourgoulianis K, Tsakalof A.	Humans; Lung Neoplasms; Lung Diseases; Disease Susceptibility; Diagnosis, Differential; Breath Tests; Risk Factors; Case-Control Studies; Exhalation; Aged; Middle Aged; Female; Male; Gas Chromatography-Mass Spectrometry; Volatile Organic Compounds; Biomarkers; Machine Learning	Lung cancer; volatile organic compounds; Exhaled Breath; Cancer Biomarkers; Breath Analysis; Untargeted Analysis; Volatolomics
27592011	PMC5079830	10.1007/s10822-016-9960-x	2016	Journal of computer-aided molecular design	A D3R prospective evaluation of machine learning for protein-ligand scoring.	Sunseri J, Ragoza M, Collins J, Koes DR.	Humans; Proteins; Ligands; Prospective Studies; Computational Biology; Binding Sites; Protein Binding; Algorithms; HSP90 Heat-Shock Proteins; Molecular Docking Simulation; Machine Learning	Machine Learning; Virtual Screening; D3r; Protein-ligand Scoring
33349236	PMC7751093	10.1186/s12864-020-6661-6	2020	BMC genomics	Analysis of heterogeneous genomic samples using image normalization and machine learning.	Basodi S, Baykal PI, Zelikovsky A, Skums P, Pan Y.	Humans; Cluster Analysis; Computational Biology; Genomics; Algorithms; Machine Learning; Quasispecies	Clustering; Next-generation Sequencing Data; Staging Hcv Infections; Image Normalization; Outbreaks Investigations
24977146	PMC4058174	10.1155/2014/294279	2014	BioMed research international	enDNA-Prot: identification of DNA-binding proteins by applying ensemble learning.	Xu R, Zhou J, Liu B, Yao L, He Y, Zou Q, Wang X.	DNA-Binding Proteins; Proteome; Reproducibility of Results; Predictive Value of Tests; Proteomics; Computational Biology; Protein Binding; Algorithms; Artificial Intelligence; Computer Simulation; Internet; Software; Databases, Protein	
