pmid	old_title	new_title	old_doi	new_doi
26930205	Reconstructing Causal Biological Networks through Active Learning.	Reconstructing Causal Biological Networks through Active Learning.	10.1371/journal.pone.0150611	10.1371/journal.pone.0150611
34099048	Predicting anticancer hyperfoods with graph convolutional networks.	Predicting anticancer hyperfoods with graph convolutional networks.	10.1186/s40246-021-00333-4	10.1186/s40246-021-00333-4
26205532	Accurate contact predictions using covariation techniques and machine learning.	Accurate contact predictions using covariation techniques and machine learning.	10.1002/prot.24863	10.1002/prot.24863
31176619	Quantification of Uncertainty in Peptide-MHC Binding Prediction Improves High-Affinity Peptide Selection for Therapeutic Design.	Quantification of Uncertainty in Peptide-MHC Binding Prediction Improves High-Affinity Peptide Selection for Therapeutic Design.	10.1016/j.cels.2019.05.004	10.1016/j.cels.2019.05.004
37039115	Delineating Regions-of-interest for Mass Spectrometry Imaging by Multimodally Corroborated Spatial Segmentation	Delineating regions of interest for mass spectrometry imaging by multimodally corroborated spatial segmentation.	10.1093/gigascience/giad021	10.1093/gigascience/giad021
37983748	Variance Analysis of LC-MS Experimental Factors and Their Impact on Machine Learning	Variability analysis of LC-MS experimental factors and their impact on machine learning.	https://doi.org/10.1093/gigascience/giad096	10.1093/gigascience/giad096
37395630	Deep neural networks with knockoff features identify nonlinear causal relations and estimate effect sizes in complex biological systems.	Deep neural networks with knockoff features identify nonlinear causal relations and estimate effect sizes in complex biological systems.	https://doi.org/10.1101/2021.07.17.452800	10.1093/gigascience/giad044
38000911	Imputation Methods for Single-Cell RNA-seq Data Using Neural Topic Models	Imputation method for single-cell RNA-seq data using neural topic model.	10.1093/gigascience/giad098	10.1093/gigascience/giad098
39460934	Discovering genotype-phenotype relationships with machine learning and the Visual Physiology Opsin Database (VPOD)	Discovering genotype-phenotype relationships with machine learning and the Visual Physiology Opsin Database (VPOD).	10.1101/2024.02.12.579993	10.1093/gigascience/giae073
30109435	P2Rank: machine learning based tool for rapid and accurate prediction of ligand binding sites from protein structure	P2Rank: machine learning based tool for rapid and accurate prediction of ligand binding sites from protein structure.	10.1186/s13321-018-0285-8	10.1186/s13321-018-0285-8
39657103	Stratum corneum nanotexture feature detection using deep learning and spatial analysis: a non-invasive tool for skin barrier assessment	Stratum corneum nanotexture feature detection using deep learning and spatial analysis: a noninvasive tool for skin barrier assessment.	10.1093/gigascience/giae095	10.1093/gigascience/giae095
39931027	Opaque Ontology: Neuroimaging classification of ICD-10 Diagnostic Groups in the UK Biobank	Opaque ontology: neuroimaging classification of ICD-10 diagnostic groups in the UK Biobank.	https://doi.org/10.1093/gigascience/giae119	10.1093/gigascience/giae119
37489753	MuLan-Methyl—multiple transformer-based language models for accurate DNA methylation prediction	MuLan-Methyl-multiple transformer-based language models for accurate DNA methylation prediction.	https://doi.org/10.1093/gigascience/giad054	10.1093/gigascience/giad054
37602759	KGML-xDTD: a knowledge graph–based machine learning framework for drug treatment prediction and mechanism description 	KGML-xDTD: a knowledge graph-based machine learning framework for drug treatment prediction and mechanism description.	10.1093/gigascience/giad057	10.1093/gigascience/giad057
37776368	Confound-leakage: confound removal in machine learning leads to leakage	Confound-leakage: confound removal in machine learning leads to leakage.	10.1093/gigascience/giad071	10.1093/gigascience/giad071
37889008	SpheroScan: a user-friendly deep learning tool for spheroid image analysis	SpheroScan: a user-friendly deep learning tool for spheroid image analysis.	10.1093/gigascience/giad082	10.1093/gigascience/giad082
37882604	Machine learning–based feature selection to search stable microbial biomarkers: application to inflammatory bowel disease	Machine learning-based feature selection to search stable microbial biomarkers: application to inflammatory bowel disease.	10.1093/gigascience/giad083	10.1093/gigascience/giad083
37966428	Euler characteristic curves and profiles: a stable shape invariant for big data problems	Euler characteristic curves and profiles: a stable shape invariant for big data problems.	10.1093/gigascience/giad094	10.1093/gigascience/giad094
38091508	MLcps: machine learning cumulative performance score for classification problems	MLcps: machine learning cumulative performance score for classification problems.	10.1093/gigascience/giad108	10.1093/gigascience/giad108
38280188	MMV_Im2Im: An Open Source Microscopy Machine Vision Toolbox for Image-to-Image Transformation	MMV_Im2Im: an open-source microscopy machine vision toolbox for image-to-image transformation.	10.1093/gigascience/giad120	10.1093/gigascience/giad120
38206587	Machine Learning Made Easy (MLme): a comprehensive toolkit for machine learning–driven data analysis	Machine Learning Made Easy (MLme): a comprehensive toolkit for machine learning-driven data analysis.	10.1093/gigascience/giad111	10.1093/gigascience/giad111
38649301	Large-scale Genomic Survey with Deep Learning-based Method Reveals Strain-Level Phage Specificity Determinants	Large-scale genomic survey with deep learning-based method reveals strain-level phage specificity determinants.	10.1093/gigascience/giae017	10.1093/gigascience/giae017
39028588	spatiAlign: an unsupervised contrastive learning model for data integration of spatially resolved transcriptomics	spatiAlign: an unsupervised contrastive learning model for data integration of spatially resolved transcriptomics.	10.1093/gigascience/giae042	10.1093/gigascience/giae042
38991852	Omada: robust clustering of transcriptomes through multiple testing	Omada: robust clustering of transcriptomes through multiple testing.	10.1093/gigascience/giae039	10.1093/gigascience/giae039
39101782	MOBFinder: a tool for MOB typing for plasmid metagenomic fragments based on language model	MOBFinder: a tool for mobilization typing of plasmid metagenomic fragments based on a language model.	10.1093/gigascience/giae047	10.1093/gigascience/giae047
39388605	Deepdefense: annotation of immune systems in prokaryotes using deep learning 	Deepdefense: annotation of immune systems in prokaryotes using deep learning.	10.1093/gigascience/giae062	10.1093/gigascience/giae062
39185700	Deep learning links localized digital pathology phenotypes with transcriptional subtype and patient outcome in glioblastoma	Deep learning links localized digital pathology phenotypes with transcriptional subtype and patient outcome in glioblastoma.	https://doi.org/10.1093/gigascience/giae057	10.1093/gigascience/giae057
39804726	Unveiling Patterns in Spatial Transcriptomics Data: A Novel Approach Utilizing Graph Attention Autoencoder and Multi-Scale Deep Subspace Clustering Network	Unveiling patterns in spatial transcriptomics data: a novel approach utilizing graph attention autoencoder and multiscale deep subspace clustering network.	https://doi.org/10.1093/gigascience/giae103	10.1093/gigascience/giae103
39704702	PlasGO: enhancing GO-based function prediction for plasmid-encoded proteins based on genetic structure	PlasGO: enhancing GO-based function prediction for plasmid-encoded proteins based on genetic structure.	10.1093/gigascience/giae104	10.1093/gigascience/giae104
39704704	scGraph2Vec: a deep generative model for gene embedding augmented by Graph Neural Network and single-cell omics data	scGraph2Vec: a deep generative model for gene embedding augmented by graph neural network and single-cell omics data.	https://doi.org/10.1093/gigascience/giae108	10.1093/gigascience/giae108
39693632	A Data Set Profiling the Multi-omic Landscape of the Prefrontal Cortex in Amyotrophic Lateral Sclerosis	A dataset profiling the multiomic landscape of the prefrontal cortex in amyotrophic lateral sclerosis.	10.1093/gigascience/giae100	10.1093/gigascience/giae100
39657158	Learning A Generalized Graph Transformer for Protein Function Prediction in Dissimilar Sequences	Learning a generalized graph transformer for protein function prediction in dissimilar sequences.	10.1093/gigascience/giae093	10.1093/gigascience/giae093
40036690	TransHLA: A Hybrid Transformer Model for HLA-Presented Epitope Detection	TransHLA: a Hybrid Transformer model for HLA-presented epitope detection.	https://doi.org/10.1093/gigascience/giaf008	10.1093/gigascience/giaf008
40372723	HVSeeker: A Deep Learning-based Method for Identification of Host and Viral DNA sequences	HVSeeker: a deep-learning-based method for identification of host and viral DNA sequences.	https://doi.org/10.1093/gigascience/giaf037	10.1093/gigascience/giaf037
39937596	Unlocking the Power of AI for Phenotyping Fruit Morphology in Arabidopsis	Unlocking the power of AI for phenotyping fruit morphology in Arabidopsis.	https://doi.org/10.1093/gigascience/giae123	10.1093/gigascience/giae123
40331344	"Image segmentation of treated and untreated tumor spheroids by Fully Convolutional Networks
"	Image segmentation of treated and untreated tumor spheroids by fully convolutional networks.	https://doi.org/10.1093/gigascience/giaf027	10.1093/gigascience/giaf027
40072905	Cerebellocerebral Connectivity Predicts Body Mass Index: a New Open-Source Python-based Framework for Connectome-based Predictive Modeling	Cerebellocerebral connectivity predicts body mass index: a new open-source Python-based framework for connectome-based predictive modeling.	10.1093/gigascience/giaf010	10.1093/gigascience/giaf010
40117176	Healthy microbiome - moving towards functional interpretation	Healthy microbiome-moving towards functional interpretation.	10.1093/gigascience/giaf015	10.1093/gigascience/giaf015
40094553	NanoMnT: An STR Analysis Tool for Oxford Nanopore Sequencing Data Driven by a Comprehensive Analysis of Error Profile in STR regions	NanoMnT: an STR analysis tool for Oxford Nanopore sequencing data driven by a comprehensive analysis of error profile in STR regions.	https://doi.org/10.1093/gigascience/giaf013	10.1093/gigascience/giaf013
41128428	SurGen: 1020 H&E-stained Whole Slide Images With Survival and Genetic Markers	SurGen: 1020 H&amp;E-stained whole-slide images with survival and genetic markers.	https://doi.org/10.1093/gigascience/giaf086	10.1093/gigascience/giaf086
39970004	A Novel Dataset for Nuclei and Tissue Segmentation in Melanoma with baseline nuclei segmentation and tissue segmentation benchmarks	A novel dataset for nuclei and tissue segmentation in melanoma with baseline nuclei segmentation and tissue segmentation benchmarks.	https://doi.org/10.1093/gigascience/giaf011	10.1093/gigascience/giaf011
40008031	SqueezeCall: Nanopore basecalling using a Squeezeformer network	SqueezeCall: nanopore basecalling using a Squeezeformer network.	https://doi.org/10.46471/gigabyte.148	10.46471/gigabyte.148
40139909	High-fidelity Wheat Plant Reconstruction using 3D Gaussian Splatting and Neural Radiance Fields	High-fidelity wheat plant reconstruction using 3D Gaussian splatting and neural radiance fields.	10.1093/gigascience/giaf022	10.1093/gigascience/giaf022
40366867	External validation of machine learning models - registered models and adaptive sample splitting	External validation of machine learning models-registered models and adaptive sample splitting.	https://doi.org/10.1093/gigascience/giaf036	10.1093/gigascience/giaf036
40366868	Spatial Integration of Multi-Omics Data from Serial Sections using the novel Multi-Omics Imaging Integration Toolset	Spatial integration of multi-omics data from serial sections using the novel Multi-Omics Imaging Integration Toolset.	https://doi.org/10.1101/2024.06.11.598306	10.1093/gigascience/giaf035
40498535	The FIP 1.0 Data Set: Highly Resolved Annotated Image Time Series of 4,000 Wheat Plots Grown in Six Years	The FIP 1.0 Data Set: Highly resolved annotated image time series of 4,000 wheat plots grown in 6 years.	https://doi.org/10.1093/gigascience/giaf051	10.1093/gigascience/giaf051
41105015	Cross-modal contrastive learning decodes developmental regulatory features through chromatin potential analysis	Cross-modal contrastive learning decodes developmental regulatory features through chromatin potential analysis.	https://doi.org/10.1093/gigascience/giaf053	10.1093/gigascience/giaf053
40549543	CODARFE: Unlocking the prediction of continuous environmental variables based on microbiome	CODARFE: Unlocking the prediction of continuous environmental variables based on microbiome.	https://doi.org/10.1093/gigascience/giaf055	10.1093/gigascience/giaf055
40407124	A Case for Estradiol: Younger Brains in Women with Earlier Menarche and Later Menopause	A Case for estradiol: younger brains in women with earlier menarche and later menopause.	https://doi.org/10.1093/gigascience/giaf060	10.1093/gigascience/giaf060
40552981	CellBinDB: A Large-Scale Multimodal Annotated Dataset for Cell Segmentation with Benchmarking of Universal Models	CellBinDB: a large-scale multimodal annotated dataset for cell segmentation with benchmarking of universal models.	https://doi.org/10.1093/gigascience/giaf069	10.1093/gigascience/giaf069
40884801	Group-specific discriminant analysis enhances detection of sex differences in brain functional network lateralization	Group-specific discriminant analysis enhances detection of sex differences in brain functional network lateralization.	https://doi.org/10.1093/gigascience/giaf082	10.1093/gigascience/giaf082
41105014	PanGIA: A universal framework for identifying association between ncRNAs and diseases	PanGIA: A universal framework for identifying association between ncRNAs and diseases.	https://doi.org/10.1093/gigascience/giaf123	10.1093/gigascience/giaf123
41134033	EssSubgraph improves performance and generalizability of mammalian essential gene prediction with large networks	EssSubgraph improves performance and generalizability of mammalian essential gene prediction with large networks.	https://doi.org/10.1101/2025.07.21.665218	10.1093/gigascience/giaf136
31659164	A reference map of murine cardiac transcription factor chromatin occupancy identifies dynamic and conserved enhancers.	A reference map of murine cardiac transcription factor chromatin occupancy identifies dynamic and conserved enhancers.	10.1038/s41467-019-12812-3	10.1038/s41467-019-12812-3
39172545	VirHost: a machine learning-based method for predicting reservoir hosts of RNA viruses through viral genomes	RNAVirHost: a machine learning-based method for predicting hosts of RNA viruses through viral genomes.	10.1093/gigascience/giae059	10.1093/gigascience/giae059
28369334	NeBcon: Protein contact map prediction using neural network training coupled with naïve Bayes classifiers	NeBcon: protein contact map prediction using neural network training coupled with naïve Bayes classifiers.	10.1093/bioinformatics/btx164	10.1093/bioinformatics/btx164
17888165	Combining classifiers to predict gene function in Arabidopsis thaliana using large-scale gene expression measurements	Combining classifiers to predict gene function in Arabidopsis thaliana using large-scale gene expression measurements.	10.1186/1471-2105-8-358	10.1186/1471-2105-8-358
33225896	Mal-Prec: computational prediction of protein Malonylation sites via machine learning based feature integration	Mal-Prec: computational prediction of protein Malonylation sites via machine learning based feature integration : Malonylation site prediction.	10.1186/s12864-020-07166-w	10.1186/s12864-020-07166-w
18808707	Combining classifiers for improved classification of proteins from sequence or structure	Combining classifiers for improved classification of proteins from sequence or structure.	10.1186/1471-2105-9-389	10.1186/1471-2105-9-389
17570862	Learning biophysically-motivated parameters for alpha helix prediction	Learning biophysically-motivated parameters for alpha helix prediction.	10.1186/1471-2105-8-S5-S3	10.1186/1471-2105-8-s5-s3
19692556	TargetMiner: microRNA target prediction with systematic identification of tissue-specific negative examples	TargetMiner: microRNA target prediction with systematic identification of tissue-specific negative examples.	10.1093/bioinformatics/btp503	10.1093/bioinformatics/btp503
33532838	Generating property-matched decoy molecules using deep learning	Generating property-matched decoy molecules using deep learning.	10.1093/bioinformatics/btab080	10.1093/bioinformatics/btab080
29679026	Computational Protein Design with Deep Learning Neural Networks	Computational Protein Design with Deep Learning Neural Networks.	10.1038/s41598-018-24760-x	10.1038/s41598-018-24760-x
36414666	DeepPROTACs is a deep learning-based targeted degradation predictor for PROTACs	DeepPROTACs is a deep learning-based targeted degradation predictor for PROTACs.	10.1038/s41467-022-34807-3	10.1038/s41467-022-34807-3
30538725	Prediction of Drug-Likeness Using Deep Autoencoder Neural Networks	Prediction of Drug-Likeness Using Deep Autoencoder Neural Networks.	10.3389/fgene.2018.00585	10.3389/fgene.2018.00585
37996753	Accurate prediction of protein-nucleic acid complexes using RoseTTAFoldNA	Accurate prediction of protein-nucleic acid complexes using RoseTTAFoldNA.	10.1038/s41592-023-02086-5	10.1038/s41592-023-02086-5
38114456	Merizo: a rapid and accurate protein domain segmentation method using invariant point attention	Merizo: a rapid and accurate protein domain segmentation method using invariant point attention.	10.1038/s41467-023-43934-4	10.1038/s41467-023-43934-4
35489069	DeepLoc 2.0: multi-label subcellular localization prediction using protein language models	DeepLoc 2.0: multi-label subcellular localization prediction using protein language models.	10.1093/nar/gkac278	10.1093/nar/gkac278
36420989	DeepRank-GNN: a graph neural network framework to learn patterns in protein–protein interfaces	DeepRank-GNN: a graph neural network framework to learn patterns in protein-protein interfaces.	10.1093/bioinformatics/btac759	10.1093/bioinformatics/btac759
31877719	"Modeling Physico-Chemical ADMET Endpoints with Multitask Graph Convolutional Networks
"	Modeling Physico-Chemical ADMET Endpoints with Multitask Graph Convolutional Networks.	10.3390/molecules25010044	10.3390/molecules25010044
35896542	ProtGPT2 is a deep unsupervised language model for protein design	ProtGPT2 is a deep unsupervised language model for protein design.	10.1038/s41467-022-32007-7	10.1038/s41467-022-32007-7
33431047	A self-attention based message passing neural network for predicting molecular lipophilicity and aqueous solubility	A self-attention based message passing neural network for predicting molecular lipophilicity and aqueous solubility.	10.1186/s13321-020-0414-z	10.1186/s13321-020-0414-z
34706730	iTTCA-RF: a random forest predictor for tumor T cell antigens	iTTCA-RF: a random forest predictor for tumor T cell antigens.	10.1186/s12967-021-03084-x	10.1186/s12967-021-03084-x
33584803	Identification of Gene Signatures and Expression Patterns During Epithelial-to-Mesenchymal Transition From Single-Cell Expression Atlas	Identification of Gene Signatures and Expression Patterns During Epithelial-to-Mesenchymal Transition From Single-Cell Expression Atlas.	10.3389/fgene.2020.605012	10.3389/fgene.2020.605012
28527154	Structure based classification for bile salt export pump (BSEP) inhibitors using comparative structural modeling of human BSEP	Structure based classification for bile salt export pump (BSEP) inhibitors using comparative structural modeling of human BSEP.	10.1007/s10822-017-0021-x	10.1007/s10822-017-0021-x
27875980	Comparative genomics of European avian pathogenic E. Coli (APEC)	Comparative genomics of European avian pathogenic E. Coli (APEC).	10.1186/s12864-016-3289-7	10.1186/s12864-016-3289-7
31199787	Pathogenicity and functional impact of non-frameshifting insertion/deletion variation in the human genome	Pathogenicity and functional impact of non-frameshifting insertion/deletion variation in the human genome.	10.1371/journal.pcbi.1007112	10.1371/journal.pcbi.1007112
38015968	A machine learning-enabled open biodata resource inventory from the scientific literature	A machine learning-enabled open biodata resource inventory from the scientific literature.	10.1371/journal.pone.0294812	10.1371/journal.pone.0294812
37126495	ResMiCo: Increasing the quality of metagenome-assembled genomes with deep learning	ResMiCo: Increasing the quality of metagenome-assembled genomes with deep learning.	https://doi.org/10.1371/journal.pcbi.1011001	10.1371/journal.pcbi.1011001
37971967	FUN-PROSE: A deep learning approach to predict condition-specific gene expression in fungi	FUN-PROSE: A deep learning approach to predict condition-specific gene expression in fungi.	10.1371/journal.pcbi.1011563	10.1371/journal.pcbi.1011563
36525447	Classification of bacterial plasmid and chromosome derived sequences using machine learning	Classification of bacterial plasmid and chromosome derived sequences using machine learning.	10.1371/journal.pone.0279280	10.1371/journal.pone.0279280
24498380	Machine Learning Techniques Accurately Classify Microbial Communities by Bacterial Vaginosis Characteristics	Machine learning techniques accurately classify microbial communities by bacterial vaginosis characteristics.	10.1371/journal.pone.0087830	10.1371/journal.pone.0087830
29181236	Machine Learning to Improve the Effectiveness of ANRS in Predicting HIV Drug Resistance	Machine Learning to Improve the Effectiveness of ANRS in Predicting HIV Drug Resistance.	10.4258/hir.2017.23.4.271 	10.4258/hir.2017.23.4.271
34662334	Machine learning to predict the source of campylobacteriosis using whole genome data	Machine learning to predict the source of campylobacteriosis using whole genome data.	10.1371/journal.pgen.1009436	10.1371/journal.pgen.1009436
34104645	Identification of Diagnostic CpG Signatures in Patients with Gestational Diabetes Mellitus via Epigenome-Wide Association Study Integrated with Machine Learning	Identification of Diagnostic CpG Signatures in Patients with Gestational Diabetes Mellitus <i>via</i> Epigenome-Wide Association Study Integrated with Machine Learning.	10.1155/2021/1984690	10.1155/2021/1984690
38496213	Julearn: an easy-to-use library for leakage-free evaluation and inspection of ML models	Julearn: an easy-to-use library for leakage-free evaluation and inspection of ML models.	10.46471/gigabyte.113	10.46471/gigabyte.113
39320317	PhageGE: An interactive web-based R shiny application for exploratory analysis and visualisation of bacteriophage genomes	PhageGE: an interactive web platform for exploratory analysis and visualization of bacteriophage genomes.	10.1093/gigascience/giae074	10.1093/gigascience/giae074
40388307	Multi-omics Analysis of Umbilical Cord Hematopoietic Stem Cells from a Multi-ethnic Cohort of Hawaii Reveals the Intergenerational Effect of Maternal Pre-Pregnancy Obesity and Risk Prediction for Cancers	Multiomics analysis of umbilical cord hematopoietic stem cells from a multiethnic cohort of Hawaii reveals the intergenerational effect of maternal prepregnancy obesity and risks for cancers.	https://doi.org/10.1093/gigascience/giaf039	10.1093/gigascience/giaf039
34265844	Highly accurate protein structure prediction with AlphaFold	Highly accurate protein structure prediction with AlphaFold.	10.1038/s41586-021-03819-2	10.1038/s41586-021-03819-2
37204193	Fast and accurate protein intrinsic disorder prediction by using a pretrained language model	Fast and accurate protein intrinsic disorder prediction by using a pretrained language model.	10.1093/bib/bbad173	10.1093/bib/bbad173
34290238	flDPnn: Accurate intrinsic disorder prediction with putative propensities of disorder functions	flDPnn: Accurate intrinsic disorder prediction with putative propensities of disorder functions.	10.1038/s41467-021-24773-7	10.1038/s41467-021-24773-7
26213851	Predicting the sequence specificities of DNA- and RNA-binding proteins by deep learning	Predicting the sequence specificities of DNA- and RNA-binding proteins by deep learning.	10.1038/nbt.3300	10.1038/nbt.3300
41100285	ColoPola: A polarimetric imaging dataset for colorectal cancer detection	ColoPola: A polarimetric imaging dataset for colorectal cancer detection.	https://doi.org/10.1093/gigascience/giaf120	10.1093/gigascience/giaf120
41124016	CryoDataBot: a pipeline to curate cryoEM datasets for AI-driven structural biology	CryoDataBot: a pipeline to curate cryoEM datasets for AI-driven structural biology.	https://doi.org/10.1093/gigascience/giaf127	10.1093/gigascience/giaf127
39921901	APNet, an explainable sparse deep learning model to discover differentially active drivers of severe COVID-19	APNet, an explainable sparse deep learning model to discover differentially active drivers of severe COVID-19.	https://doi.org/10.1093/bioinformatics/btaf063	10.1093/bioinformatics/btaf063
38166858	DisoFLAG: accurate prediction of protein intrinsic disorder and its functions using graph-based interaction protein language model	DisoFLAG: accurate prediction of protein intrinsic disorder and its functions using graph-based interaction protein language model.	https://doi.org/10.1186/s12915-023-01803-y	10.1186/s12915-023-01803-y
34905768	DeepDISOBind: accurate prediction of RNA-, DNA- and protein-binding intrinsically disordered residues with deep multi-task learning	DeepDISOBind: accurate prediction of RNA-, DNA- and protein-binding intrinsically disordered residues with deep multi-task learning.	doi: 10.1093/bib/bbab521	10.1093/bib/bbab521
41553357	Generalizable machine learning models for rapid antimicrobial resistance prediction in unseen healthcare settings	Generalizable machine learning models for rapid antimicrobial resistance prediction in unseen healthcare settings.	nan	10.1093/gigascience/giaf156
34254032	A machine learning PROGRAM to identify COVID-19 and other diseases from hematology data.	A machine learning PROGRAM to identify COVID-19 and other diseases from hematology data.	10.2144/fsoa-2020-0207	10.2144/fsoa-2020-0207
38747347	AIUPred: combining energy estimation with deep learning for the enhanced prediction of protein disorder	AIUPred: combining energy estimation with deep learning for the enhanced prediction of protein disorder.	doi.org/10.1093/nar/gkae385	10.1093/nar/gkae385
39708500	DisorderUnetLM: Validating ProteinUnet for efficient protein intrinsic disorder prediction	DisorderUnetLM: Validating ProteinUnet for efficient protein intrinsic disorder prediction.	https://doi.org/10.1016/j.compbiomed.2024.109586	10.1016/j.compbiomed.2024.109586
39571839	PredIDR: Accurate prediction of protein intrinsic disorder regions using deep convolutional neural network	PredIDR: Accurate prediction of protein intrinsic disorder regions using deep convolutional neural network.	doi: 10.1016/j.ijbiomac.2024.137665	10.1016/j.ijbiomac.2024.137665
40054813	PredIDR2: Improving accuracy of protein intrinsic disorder prediction by updating deep convolutional neural network and supplementing DisProt data	PredIDR2: Improving accuracy of protein intrinsic disorder prediction by updating deep convolutional neural network and supplementing DisProt data.	doi: 10.1016/j.ijbiomac.2025.141801	10.1016/j.ijbiomac.2025.141801
36304335	SETH predicts nuances of residue disorder from protein embeddings	SETH predicts nuances of residue disorder from protein embeddings.	https://doi.org/10.3389/fbinf.2022.1019597	10.3389/fbinf.2022.1019597
34903827	Protein embeddings and deep learning predict binding residues for various ligand classes	Protein embeddings and deep learning predict binding residues for various ligand classes.	https://doi.org/10.1038/s41598-021-03431-4	10.1038/s41598-021-03431-4
40830753	NetStart 2.0: prediction of eukaryotic translation initiation sites using a protein language model	NetStart 2.0: prediction of eukaryotic translation initiation sites using a protein language model.	10.1186/s12859-025-06220-2	10.1186/s12859-025-06220-2
27898976	Development and Validation of a Deep Learning Algorithm for Detection of Diabetic Retinopathy in Retinal Fundus Photographs	Development and Validation of a Deep Learning Algorithm for Detection of Diabetic Retinopathy in Retinal Fundus Photographs.	10.1001/jama.2016.17216	10.1001/jama.2016.17216
33381830	APOD: accurate sequence-based predictor of disordered flexible linkers	APOD: accurate sequence-based predictor of disordered flexible linkers.	doi: 10.1093/bioinformatics/btaa808	10.1093/bioinformatics/btaa808
27307636	DFLpred: High-throughput prediction of disordered flexible linker regions in protein sequences	DFLpred: High-throughput prediction of disordered flexible linker regions in protein sequences.	doi: 10.1093/bioinformatics/btw280	10.1093/bioinformatics/btw280
39237195	flDPnn2: Accurate and Fast Predictor of Intrinsic Disorder in Proteins	flDPnn2: Accurate and Fast Predictor of Intrinsic Disorder in Proteins.	doi: 10.1016/j.jmb.2024.168605	10.1016/j.jmb.2024.168605
33304713	NeProc predicts binding segments in intrinsically disordered regions without learning binding region sequences	NeProc predicts binding segments in intrinsically disordered regions without learning binding region sequences.	https://doi.org/10.2142/biophysico.BSJ-2020026	10.2142/biophysico.bsj-2020026
32173600	SPOT-Disorder2: Improved Protein Intrinsic Disorder Prediction by Ensembled Deep Learning	SPOT-Disorder2: Improved Protein Intrinsic Disorder Prediction by Ensembled Deep Learning.	https://doi.org/10.1016/j.gpb.2019.01.004	10.1016/j.gpb.2019.01.004
34480923	Metapredict: a fast, accurate, and easy-to-use predictor of consensus disorder and structure	Metapredict: a fast, accurate, and easy-to-use predictor of consensus disorder and structure.	https://doi.org/10.1016/j.bpj.2021.08.039	10.1016/j.bpj.2021.08.039
36458437	CLIP: accurate prediction of disordered linear interacting peptides from protein sequences using co-evolutionary information	CLIP: accurate prediction of disordered linear interacting peptides from protein sequences using co-evolutionary information.	doi: 10.1093/bib/bbac502	10.1093/bib/bbac502
40138319	PUNCH2: Explore the strategy for intrinsically disordered protein predictor	PUNCH2: Explore the strategy for intrinsically disordered protein predictor.	https://doi.org/10.1371/journal.pone.0319208	10.1371/journal.pone.0319208
25391399	DISOPRED3: precise disordered region predictions with annotated protein-binding activity	DISOPRED3: precise disordered region predictions with annotated protein-binding activity.	doi: 10.1093/bioinformatics/btu744	10.1093/bioinformatics/btu744
37674132	Protein intrinsically disordered region prediction by combining neural architecture search and multi-objective genetic algorithm	Protein intrinsically disordered region prediction by combining neural architecture search and multi-objective genetic algorithm.	https://doi.org/10.1186/s12915-023-01672-5	10.1186/s12915-023-01672-5
41231584	pyRootHair: Machine Learning Accelerated Software for High-Throughput Phenotyping of Plant Root Hair Traits	pyRootHair: Machine learning accelerated software for high-throughput phenotyping of plant root hair traits.	https://doi.org/10.1093/gigascience/giaf141	10.1093/gigascience/giaf141
38359660	GIT-Mol: A multi-modal large language model for molecular science with graph, image, and text	GIT-Mol: A multi-modal large language model for molecular science with graph, image, and text.	10.1016/j.compbiomed.2024.108073	10.1016/j.compbiomed.2024.108073
31857725	Development of PancRISK, a urine biomarker-based risk score for stratified screening of pancreatic cancer patients.	Development of PancRISK, a urine biomarker-based risk score for stratified screening of pancreatic cancer patients.	10.1038/s41416-019-0694-0	10.1038/s41416-019-0694-0
22532634	A CD4 T cell gene signature for early rheumatoid arthritis implicates interleukin 6-mediated STAT3 signalling, particularly in anti-citrullinated peptide antibody-negative disease.	A CD4 T cell gene signature for early rheumatoid arthritis implicates interleukin 6-mediated STAT3 signalling, particularly in anti-citrullinated peptide antibody-negative disease.	10.1136/annrheumdis-2011-200968	10.1136/annrheumdis-2011-200968
33005419	FibroBox: a novel noninvasive tool for predicting significant liver fibrosis and cirrhosis in HBV infected patients.	FibroBox: a novel noninvasive tool for predicting significant liver fibrosis and cirrhosis in HBV infected patients.	10.1186/s40364-020-00215-2	10.1186/s40364-020-00215-2
32545899	Differential Urinary Proteome Analysis for Predicting Prognosis in Type 2 Diabetes Patients with and without Renal Dysfunction.	Differential Urinary Proteome Analysis for Predicting Prognosis in Type 2 Diabetes Patients with and without Renal Dysfunction.	10.3390/ijms21124236	10.3390/ijms21124236
32620137	Single-cell ATAC-seq signal extraction and enhancement with SCATE.	Single-cell ATAC-seq signal extraction and enhancement with SCATE.	10.1186/s13059-020-02075-3	10.1186/s13059-020-02075-3
18586734	Modeling peptide fragmentation with dynamic Bayesian networks for peptide identification.	Modeling peptide fragmentation with dynamic Bayesian networks for peptide identification.	10.1093/bioinformatics/btn189	10.1093/bioinformatics/btn189
33039708	MRI-based machine learning radiomics can predict HER2 expression level and pathologic response after neoadjuvant therapy in HER2 overexpressing breast cancer.	MRI-based machine learning radiomics can predict HER2 expression level and pathologic response after neoadjuvant therapy in HER2 overexpressing breast cancer.	10.1016/j.ebiom.2020.103042	10.1016/j.ebiom.2020.103042
31462106	Interactive alkaptonuria database: investigating clinical data to improve patient care in a rare disease.	Interactive alkaptonuria database: investigating clinical data to improve patient care in a rare disease.	10.1096/fj.201901529r	10.1096/fj.201901529r
34603483	Identification of Novel COVID-19 Biomarkers by Multiple Feature Selection Strategies.	Identification of Novel COVID-19 Biomarkers by Multiple Feature Selection Strategies.	10.1155/2021/2203636	10.1155/2021/2203636
31161221	Temporal Stability and Prognostic Biomarker Potential of the Prostate Cancer Urine miRNA Transcriptome.	Temporal Stability and Prognostic Biomarker Potential of the Prostate Cancer Urine miRNA Transcriptome.	10.1093/jnci/djz112	10.1093/jnci/djz112
19667082	PineSAP--sequence alignment and SNP identification pipeline.	PineSAP--sequence alignment and SNP identification pipeline.	10.1093/bioinformatics/btp477	10.1093/bioinformatics/btp477
31148311	Machine learning identifies unaffected first-degree relatives with functional network patterns and cognitive impairment similar to those of schizophrenia patients.	Machine learning identifies unaffected first-degree relatives with functional network patterns and cognitive impairment similar to those of schizophrenia patients.	10.1002/hbm.24678	10.1002/hbm.24678
31479437	Benchmarking network propagation methods for disease gene identification.	Benchmarking network propagation methods for disease gene identification.	10.1371/journal.pcbi.1007276	10.1371/journal.pcbi.1007276
31058230	Intermittent Hypoxia and Hypercapnia Reproducibly Change the Gut Microbiome and Metabolome across Rodent Model Systems.	Intermittent Hypoxia and Hypercapnia Reproducibly Change the Gut Microbiome and Metabolome across Rodent Model Systems.	10.1128/msystems.00058-19	10.1128/msystems.00058-19
34070374	Identification of Circulating Diagnostic Biomarkers for Coronary Microvascular Disease in Postmenopausal Women Using Machine-Learning Techniques.	Identification of Circulating Diagnostic Biomarkers for Coronary Microvascular Disease in Postmenopausal Women Using Machine-Learning Techniques.	10.3390/metabo11060339	10.3390/metabo11060339
19091017	Semi-automatic conversion of BioProp semantic annotation to PASBio annotation.	Semi-automatic conversion of BioProp semantic annotation to PASBio annotation.	10.1186/1471-2105-9-s12-s18	10.1186/1471-2105-9-s12-s18
19994907	Selective inhibition of DNA replicase assembly by a non-natural nucleotide: exploiting the structural diversity of ATP-binding sites.	Selective inhibition of DNA replicase assembly by a non-natural nucleotide: exploiting the structural diversity of ATP-binding sites.	10.1021/cb900218c	10.1021/cb900218c
18221567	Gene function prediction using labeled and unlabeled data.	Gene function prediction using labeled and unlabeled data.	10.1186/1471-2105-9-57	10.1186/1471-2105-9-57
22558141	Linking the epigenome to the genome: correlation of different features to DNA methylation of CpG islands.	Linking the epigenome to the genome: correlation of different features to DNA methylation of CpG islands.	10.1371/journal.pone.0035327	10.1371/journal.pone.0035327
29036374	Gating mass cytometry data by deep learning.	Gating mass cytometry data by deep learning.	10.1093/bioinformatics/btx448	10.1093/bioinformatics/btx448
32298292	Development of a prediction model for hypotension after induction of anesthesia using machine learning.	Development of a prediction model for hypotension after induction of anesthesia using machine learning.	10.1371/journal.pone.0231172	10.1371/journal.pone.0231172
30819107	MaGIC: a machine learning tool set and web application for monoallelic gene inference from chromatin.	MaGIC: a machine learning tool set and web application for monoallelic gene inference from chromatin.	10.1186/s12859-019-2679-7	10.1186/s12859-019-2679-7
25849257	Machine learning assisted design of highly active peptides for drug discovery.	Machine learning assisted design of highly active peptides for drug discovery.	10.1371/journal.pcbi.1004074	10.1371/journal.pcbi.1004074
30615300	Profiling of Gene Expression Biomarkers as a Classifier of Methotrexate Nonresponse in Patients With Rheumatoid Arthritis.	Profiling of Gene Expression Biomarkers as a Classifier of Methotrexate Nonresponse in Patients With Rheumatoid Arthritis.	10.1002/art.40810	10.1002/art.40810
33464298	Image-based pooled whole-genome CRISPRi screening for subcellular phenotypes.	Image-based pooled whole-genome CRISPRi screening for subcellular phenotypes.	10.1083/jcb.202006180	10.1083/jcb.202006180
33349236	Analysis of heterogeneous genomic samples using image normalization and machine learning.	Analysis of heterogeneous genomic samples using image normalization and machine learning.	10.1186/s12864-020-6661-6	10.1186/s12864-020-6661-6
34258160	A Noninvasive Multianalytical Approach for Lung Cancer Diagnosis of Patients with Pulmonary Nodules.	A Noninvasive Multianalytical Approach for Lung Cancer Diagnosis of Patients with Pulmonary Nodules.	10.1002/advs.202100104	10.1002/advs.202100104
33953534	Computational Methods for Structure-to-Function Analysis of Diet-Derived Catechins-Mediated Targeting of In Vitro Vasculogenic Mimicry.	Computational Methods for Structure-to-Function Analysis of Diet-Derived Catechins-Mediated Targeting of In Vitro Vasculogenic Mimicry.	10.1177/11769351211009229	10.1177/11769351211009229
32220894	RNA-GPS predicts high-resolution RNA subcellular localization and highlights the role of splicing.	RNA-GPS predicts high-resolution RNA subcellular localization and highlights the role of splicing.	10.1261/rna.074161.119	10.1261/rna.074161.119
24977146	enDNA-Prot: identification of DNA-binding proteins by applying ensemble learning.	enDNA-Prot: identification of DNA-binding proteins by applying ensemble learning.	10.1155/2014/294279	10.1155/2014/294279
27592011	A D3R prospective evaluation of machine learning for protein-ligand scoring.	A D3R prospective evaluation of machine learning for protein-ligand scoring.	10.1007/s10822-016-9960-x	10.1007/s10822-016-9960-x
31362694	IRESpy: an XGBoost model for prediction of internal ribosome entry sites.	IRESpy: an XGBoost model for prediction of internal ribosome entry sites.	10.1186/s12859-019-2999-7	10.1186/s12859-019-2999-7
33946997	Comparison of Targeted and Untargeted Approaches in Breath Analysis for the Discrimination of Lung Cancer from Benign Pulmonary Diseases and Healthy Persons.	Comparison of Targeted and Untargeted Approaches in Breath Analysis for the Discrimination of Lung Cancer from Benign Pulmonary Diseases and Healthy Persons.	10.3390/molecules26092609	10.3390/molecules26092609
32681213	Using neuronal extracellular vesicles and machine learning to predict cognitive deficits in HIV.	Using neuronal extracellular vesicles and machine learning to predict cognitive deficits in HIV.	10.1007/s13365-020-00877-6	10.1007/s13365-020-00877-6
26834994	Machine learning models identify molecules active against the Ebola virus <i>in vitro</i>.	Machine learning models identify molecules active against the Ebola virus <i>in vitro</i>.	10.12688/f1000research.7217.3	10.12688/f1000research.7217.3
17374164	Predicting protein function by machine learning on amino acid sequences--a critical evaluation.	Predicting protein function by machine learning on amino acid sequences--a critical evaluation.	10.1186/1471-2164-8-78	10.1186/1471-2164-8-78
28747397	Changes and classification in myocardial contractile function in the left ventricle following acute myocardial infarction.	Changes and classification in myocardial contractile function in the left ventricle following acute myocardial infarction.	10.1098/rsif.2017.0203	10.1098/rsif.2017.0203
30857591	Learning protein constitutive motifs from sequence data.	Learning protein constitutive motifs from sequence data.	10.7554/elife.39397	10.7554/elife.39397
31856830	Identification of lung cancer gene markers through kernel maximum mean discrepancy and information entropy.	Identification of lung cancer gene markers through kernel maximum mean discrepancy and information entropy.	10.1186/s12920-019-0630-4	10.1186/s12920-019-0630-4
32300371	HMMPred: Accurate Prediction of DNA-Binding Proteins Based on HMM Profiles and XGBoost Feature Selection.	HMMPred: Accurate Prediction of DNA-Binding Proteins Based on HMM Profiles and XGBoost Feature Selection.	10.1155/2020/1384749	10.1155/2020/1384749
34099697	A deep learning approach to identify gene targets of a therapeutic for human splicing disorders.	A deep learning approach to identify gene targets of a therapeutic for human splicing disorders.	10.1038/s41467-021-23663-2	10.1038/s41467-021-23663-2
33133228	A Method for Identifying Vesicle Transport Proteins Based on LibSVM and MRMD.	A Method for Identifying Vesicle Transport Proteins Based on LibSVM and MRMD.	10.1155/2020/8926750	10.1155/2020/8926750
29849042	Distinct epigenomic patterns are associated with haploinsufficiency and predict risk genes of developmental disorders.	Distinct epigenomic patterns are associated with haploinsufficiency and predict risk genes of developmental disorders.	10.1038/s41467-018-04552-7	10.1038/s41467-018-04552-7
25646976	Exploring bacterial organelle interactomes: a model of the protein-protein interaction network in the Pdu microcompartment.	Exploring bacterial organelle interactomes: a model of the protein-protein interaction network in the Pdu microcompartment.	10.1371/journal.pcbi.1004067	10.1371/journal.pcbi.1004067
33828982	Improving the Prediction of Benign or Malignant Breast Masses Using a Combination of Image Biomarkers and Clinical Parameters.	Improving the Prediction of Benign or Malignant Breast Masses Using a Combination of Image Biomarkers and Clinical Parameters.	10.3389/fonc.2021.629321	10.3389/fonc.2021.629321
32218835	Gene expression profiling identified TP53<sup>Mut</sup>PIK3CA<sup>Wild</sup> as a potential biomarker for patients with triple-negative breast cancer treated with immune checkpoint inhibitors.	Gene expression profiling identified TP53<sup>Mut</sup>PIK3CA<sup>Wild</sup> as a potential biomarker for patients with triple-negative breast cancer treated with immune checkpoint inhibitors.	10.3892/ol.2020.11381	10.3892/ol.2020.11381
33324147	Functional Connectivity Combined With a Machine Learning Algorithm Can Classify High-Risk First-Degree Relatives of Patients With Schizophrenia and Identify Correlates of Cognitive Impairments.	Functional Connectivity Combined With a Machine Learning Algorithm Can Classify High-Risk First-Degree Relatives of Patients With Schizophrenia and Identify Correlates of Cognitive Impairments.	10.3389/fnins.2020.577568	10.3389/fnins.2020.577568
25783485	Performance of case-control rare copy number variation annotation in classification of autism.	Performance of case-control rare copy number variation annotation in classification of autism.	10.1186/1755-8794-8-s1-s7	10.1186/1755-8794-8-s1-s7
19154573	Identification of novel DNA repair proteins via primary sequence, secondary structure, and homology.	Identification of novel DNA repair proteins via primary sequence, secondary structure, and homology.	10.1186/1471-2105-10-25	10.1186/1471-2105-10-25
33510068	Predictive models for mild cognitive impairment to Alzheimer's disease conversion.	Predictive models for mild cognitive impairment to Alzheimer's disease conversion.	10.4103/1673-5374.306071	10.4103/1673-5374.306071
27832081	Machine Learning for Characterization of Insect Vector Feeding.	Machine Learning for Characterization of Insect Vector Feeding.	10.1371/journal.pcbi.1005158	10.1371/journal.pcbi.1005158
33810341	The Budapest Amyloid Predictor and Its Applications.	The Budapest Amyloid Predictor and Its Applications.	10.3390/biom11040500	10.3390/biom11040500
34388102	COVID-19 Screening in Chest X-Ray Images Using Lung Region Priors.	COVID-19 Screening in Chest X-Ray Images Using Lung Region Priors.	10.1109/jbhi.2021.3104629	10.1109/jbhi.2021.3104629
33329703	Identifying 8-mRNAsi Based Signature for Predicting Survival in Patients With Head and Neck Squamous Cell Carcinoma via Machine Learning.	Identifying 8-mRNAsi Based Signature for Predicting Survival in Patients With Head and Neck Squamous Cell Carcinoma via Machine Learning.	10.3389/fgene.2020.566159	10.3389/fgene.2020.566159
28065610	Neural Circuit Inference from Function to Structure.	Neural Circuit Inference from Function to Structure.	10.1016/j.cub.2016.11.040	10.1016/j.cub.2016.11.040
22913485	NetiNeti: discovery of scientific names from text using machine learning methods.	NetiNeti: discovery of scientific names from text using machine learning methods.	10.1186/1471-2105-13-211	10.1186/1471-2105-13-211
33240258	Circulating Neutrophil Extracellular Traps Signature for Identifying Organ Involvement and Response to Glucocorticoid in Adult-Onset Still's Disease: A Machine Learning Study.	Circulating Neutrophil Extracellular Traps Signature for Identifying Organ Involvement and Response to Glucocorticoid in Adult-Onset Still's Disease: A Machine Learning Study.	10.3389/fimmu.2020.563335	10.3389/fimmu.2020.563335
33126851	m5CPred-SVM: a novel method for predicting m5C sites of RNA.	m5CPred-SVM: a novel method for predicting m5C sites of RNA.	10.1186/s12859-020-03828-4	10.1186/s12859-020-03828-4
28600868	DeepBipolar: Identifying genomic mutations for bipolar disorder via deep learning.	DeepBipolar: Identifying genomic mutations for bipolar disorder via deep learning.	10.1002/humu.23272	10.1002/humu.23272
30295871	Multi-omic and multi-view clustering algorithms: review and cancer benchmark.	Multi-omic and multi-view clustering algorithms: review and cancer benchmark.	10.1093/nar/gky889	10.1093/nar/gky889
26495028	KIR Genes and Patterns Given by the A Priori Algorithm: Immunity for Haematological Malignancies.	KIR Genes and Patterns Given by the A Priori Algorithm: Immunity for Haematological Malignancies.	10.1155/2015/141363	10.1155/2015/141363
34168145	Bioactivity descriptors for uncharacterized chemical compounds.	Bioactivity descriptors for uncharacterized chemical compounds.	10.1038/s41467-021-24150-4	10.1038/s41467-021-24150-4
20122221	Computational prediction of type III secreted proteins from gram-negative bacteria.	Computational prediction of type III secreted proteins from gram-negative bacteria.	10.1186/1471-2105-11-s1-s47	10.1186/1471-2105-11-s1-s47
34372798	Using a machine learning approach to identify key prognostic molecules for esophageal squamous cell carcinoma.	Using a machine learning approach to identify key prognostic molecules for esophageal squamous cell carcinoma.	10.1186/s12885-021-08647-1	10.1186/s12885-021-08647-1
28624633	From flamingo dance to (desirable) drug discovery: a nature-inspired approach.	From flamingo dance to (desirable) drug discovery: a nature-inspired approach.	10.1016/j.drudis.2017.05.008	10.1016/j.drudis.2017.05.008
28678787	Classification and analysis of a large collection of in vivo bioassay descriptions.	Classification and analysis of a large collection of in vivo bioassay descriptions.	10.1371/journal.pcbi.1005641	10.1371/journal.pcbi.1005641
29263361	Supervised learning in spiking neural networks with FORCE training.	Supervised learning in spiking neural networks with FORCE training.	10.1038/s41467-017-01827-3	10.1038/s41467-017-01827-3
30046299	An Extreme Learning Machine Based on Artificial Immune System.	An Extreme Learning Machine Based on Artificial Immune System.	10.1155/2018/3635845	10.1155/2018/3635845
32826857	Machine learning for effectively avoiding overfitting is a crucial strategy for the genetic prediction of polygenic psychiatric phenotypes.	Machine learning for effectively avoiding overfitting is a crucial strategy for the genetic prediction of polygenic psychiatric phenotypes.	10.1038/s41398-020-00957-5	10.1038/s41398-020-00957-5
27362985	Detecting Pairwise Interactive Effects of Continuous Random Variables for Biomarker Identification with Small Sample Size.	Detecting Pairwise Interactive Effects of Continuous Random Variables for Biomarker Identification with Small Sample Size.	10.1109/tcbb.2016.2586042	10.1109/tcbb.2016.2586042
29790392	Interleukin 1 receptor (IL-1R1) activation exacerbates toxin-induced acute kidney injury.	Interleukin 1 receptor (IL-1R1) activation exacerbates toxin-induced acute kidney injury.	10.1152/ajprenal.00104.2018	10.1152/ajprenal.00104.2018
31871774	Integrative analysis of DNA methylation and gene expression identified cervical cancer-specific diagnostic biomarkers.	Integrative analysis of DNA methylation and gene expression identified cervical cancer-specific diagnostic biomarkers.	10.1038/s41392-019-0081-6	10.1038/s41392-019-0081-6
25878156	Classification of pallidal oscillations with increasing parkinsonian severity.	Classification of pallidal oscillations with increasing parkinsonian severity.	10.1152/jn.00840.2014	10.1152/jn.00840.2014
32933477	Seagull: lasso, group lasso and sparse-group lasso regularization for linear regression models via proximal gradient descent.	Seagull: lasso, group lasso and sparse-group lasso regularization for linear regression models via proximal gradient descent.	10.1186/s12859-020-03725-w	10.1186/s12859-020-03725-w
25175491	A three-gene panel that distinguishes benign from malignant thyroid nodules.	A three-gene panel that distinguishes benign from malignant thyroid nodules.	10.1002/ijc.29172	10.1002/ijc.29172
28696170	Predicting Ascospore Release of Monilinia vaccinii-corymbosi of Blueberry with Machine Learning.	Predicting Ascospore Release of Monilinia vaccinii-corymbosi of Blueberry with Machine Learning.	10.1094/phyto-04-17-0162-r	10.1094/phyto-04-17-0162-r
34229736	Machine learning model for identifying important clinical features for predicting remission in patients with rheumatoid arthritis treated with biologics.	Machine learning model for identifying important clinical features for predicting remission in patients with rheumatoid arthritis treated with biologics.	10.1186/s13075-021-02567-y	10.1186/s13075-021-02567-y
30794638	Machine learning models for early sepsis recognition in the neonatal intensive care unit using readily available electronic health record data.	Machine learning models for early sepsis recognition in the neonatal intensive care unit using readily available electronic health record data.	10.1371/journal.pone.0212665	10.1371/journal.pone.0212665
27491922	A Random Forest Model for Predicting Allosteric and Functional Sites on Proteins.	A Random Forest Model for Predicting Allosteric and Functional Sites on Proteins.	10.1002/minf.201500108	10.1002/minf.201500108
29720103	Prediction of plant lncRNA by ensemble machine learning classifiers.	Prediction of plant lncRNA by ensemble machine learning classifiers.	10.1186/s12864-018-4665-2	10.1186/s12864-018-4665-2
32344344	Novel scaffold of natural compound eliciting sweet taste revealed by machine learning.	Novel scaffold of natural compound eliciting sweet taste revealed by machine learning.	10.1016/j.foodchem.2020.126864	10.1016/j.foodchem.2020.126864
31137222	Identification of hormone binding proteins based on machine learning methods.	Identification of hormone binding proteins based on machine learning methods.	10.3934/mbe.2019123	10.3934/mbe.2019123
30388122	LogLoss-BERAF: An ensemble-based machine learning model for constructing highly accurate diagnostic sets of methylation sites accounting for heterogeneity in prostate cancer.	LogLoss-BERAF: An ensemble-based machine learning model for constructing highly accurate diagnostic sets of methylation sites accounting for heterogeneity in prostate cancer.	10.1371/journal.pone.0204371	10.1371/journal.pone.0204371
24675637	An integrated model of multiple-condition ChIP-Seq data reveals predeterminants of Cdx2 binding.	An integrated model of multiple-condition ChIP-Seq data reveals predeterminants of Cdx2 binding.	10.1371/journal.pcbi.1003501	10.1371/journal.pcbi.1003501
34093642	Machine Learning Assisted Prediction of Prognostic Biomarkers Associated With COVID-19, Using Clinical and Proteomics Data.	Machine Learning Assisted Prediction of Prognostic Biomarkers Associated With COVID-19, Using Clinical and Proteomics Data.	10.3389/fgene.2021.636441	10.3389/fgene.2021.636441
30388153	Predicting bacterial growth conditions from mRNA and protein abundances.	Predicting bacterial growth conditions from mRNA and protein abundances.	10.1371/journal.pone.0206634	10.1371/journal.pone.0206634
33953201	CopulaNet: Learning residue co-evolution directly from multiple sequence alignment for protein structure prediction.	CopulaNet: Learning residue co-evolution directly from multiple sequence alignment for protein structure prediction.	10.1038/s41467-021-22869-8	10.1038/s41467-021-22869-8
26068103	A Ranking Approach to Genomic Selection.	A Ranking Approach to Genomic Selection.	10.1371/journal.pone.0128570	10.1371/journal.pone.0128570
30891794	Combining handcrafted features with latent variables in machine learning for prediction of radiation-induced lung damage.	Combining handcrafted features with latent variables in machine learning for prediction of radiation-induced lung damage.	10.1002/mp.13497	10.1002/mp.13497
34573923	Mortality Prediction Utilizing Blood Biomarkers to Predict the Severity of COVID-19 Using Machine Learning Technique.	Mortality Prediction Utilizing Blood Biomarkers to Predict the Severity of COVID-19 Using Machine Learning Technique.	10.3390/diagnostics11091582	10.3390/diagnostics11091582
26957000	OH-PRED: prediction of protein hydroxylation sites by incorporating adapted normal distribution bi-profile Bayes feature extraction and physicochemical properties of amino acids.	OH-PRED: prediction of protein hydroxylation sites by incorporating adapted normal distribution bi-profile Bayes feature extraction and physicochemical properties of amino acids.	10.1080/07391102.2016.1163294	10.1080/07391102.2016.1163294
33126877	A new efficient method to detect genetic interactions for lung cancer GWAS.	A new efficient method to detect genetic interactions for lung cancer GWAS.	10.1186/s12920-020-00807-9	10.1186/s12920-020-00807-9
30933970	Adaptive multi-view multi-label learning for identifying disease-associated candidate miRNAs.	Adaptive multi-view multi-label learning for identifying disease-associated candidate miRNAs.	10.1371/journal.pcbi.1006931	10.1371/journal.pcbi.1006931
27488918	Molecular Properties of Drugs Interacting with SLC22 Transporters OAT1, OAT3, OCT1, and OCT2: A Machine-Learning Approach.	Molecular Properties of Drugs Interacting with SLC22 Transporters OAT1, OAT3, OCT1, and OCT2: A Machine-Learning Approach.	10.1124/jpet.116.232660	10.1124/jpet.116.232660
22408447	Using support vector machine and evolutionary profiles to predict antifreeze protein sequences.	Using support vector machine and evolutionary profiles to predict antifreeze protein sequences.	10.3390/ijms13022196	10.3390/ijms13022196
31466478	EpiSmokEr: a robust classifier to determine smoking status from DNA methylation data.	EpiSmokEr: a robust classifier to determine smoking status from DNA methylation data.	10.2217/epi-2019-0206	10.2217/epi-2019-0206
31534955	Predicting Drug-Disease Associations via Using Gaussian Interaction Profile and Kernel-Based Autoencoder.	Predicting Drug-Disease Associations via Using Gaussian Interaction Profile and Kernel-Based Autoencoder.	10.1155/2019/2426958	10.1155/2019/2426958
16524483	Machine learning approaches to supporting the identification of photoreceptor-enriched genes based on expression data.	Machine learning approaches to supporting the identification of photoreceptor-enriched genes based on expression data.	10.1186/1471-2105-7-116	10.1186/1471-2105-7-116
31132080	Aneugen Molecular Mechanism Assay: Proof-of-Concept With 27 Reference Chemicals.	Aneugen Molecular Mechanism Assay: Proof-of-Concept With 27 Reference Chemicals.	10.1093/toxsci/kfz123	10.1093/toxsci/kfz123
27127534	The Virtual Screening of the Drug Protein with a Few Crystal Structures Based on the Adaboost-SVM.	The Virtual Screening of the Drug Protein with a Few Crystal Structures Based on the Adaboost-SVM.	10.1155/2016/4809831	10.1155/2016/4809831
34112769	A new molecular classification to drive precision treatment strategies in primary Sjögren's syndrome.	A new molecular classification to drive precision treatment strategies in primary Sjögren's syndrome.	10.1038/s41467-021-23472-7	10.1038/s41467-021-23472-7
31404081	A modeling and machine learning approach to ECG feature engineering for the detection of ischemia using pseudo-ECG.	A modeling and machine learning approach to ECG feature engineering for the detection of ischemia using pseudo-ECG.	10.1371/journal.pone.0220294	10.1371/journal.pone.0220294
32915751	Contrastive Cross-Site Learning With Redesigned Net for COVID-19 CT Classification.	Contrastive Cross-Site Learning With Redesigned Net for COVID-19 CT Classification.	10.1109/jbhi.2020.3023246	10.1109/jbhi.2020.3023246
30853547	Unsupervised classification of multi-omics data during cardiac remodeling using deep learning.	Unsupervised classification of multi-omics data during cardiac remodeling using deep learning.	10.1016/j.ymeth.2019.03.004	10.1016/j.ymeth.2019.03.004
33328863	Multiplex Networks to Characterize Seizure Development in Traumatic Brain Injury Patients.	Multiplex Networks to Characterize Seizure Development in Traumatic Brain Injury Patients.	10.3389/fnins.2020.591662	10.3389/fnins.2020.591662
26422234	PATBox: A Toolbox for Classification and Analysis of P-Type ATPases.	PATBox: A Toolbox for Classification and Analysis of P-Type ATPases.	10.1371/journal.pone.0139571	10.1371/journal.pone.0139571
28807860	Hidden Markov modeling of frequency-following responses to Mandarin lexical tones.	Hidden Markov modeling of frequency-following responses to Mandarin lexical tones.	10.1016/j.jneumeth.2017.08.010	10.1016/j.jneumeth.2017.08.010
27191382	Deep biomarkers of human aging: Application of deep neural networks to biomarker development.	Deep biomarkers of human aging: Application of deep neural networks to biomarker development.	10.18632/aging.100968	10.18632/aging.100968
32991297	Identification of lncRNA Signature Associated With Pan-Cancer Prognosis.	Identification of lncRNA Signature Associated With Pan-Cancer Prognosis.	10.1109/jbhi.2020.3027680	10.1109/jbhi.2020.3027680
31407406	Ensembling multiple raw coevolutionary features with deep residual neural networks for contact-map prediction in CASP13.	Ensembling multiple raw coevolutionary features with deep residual neural networks for contact-map prediction in CASP13.	10.1002/prot.25798	10.1002/prot.25798
30483279	Artificial Intelligence Understands Peptide Observability and Assists With Absolute Protein Quantification.	Artificial Intelligence Understands Peptide Observability and Assists With Absolute Protein Quantification.	10.3389/fpls.2018.01559	10.3389/fpls.2018.01559
23102953	The gradient boosting algorithm and random boosting for genome-assisted evaluation in large data sets.	The gradient boosting algorithm and random boosting for genome-assisted evaluation in large data sets.	10.3168/jds.2012-5630	10.3168/jds.2012-5630
27855170	Identification of an Efficient Gene Expression Panel for Glioblastoma Classification.	Identification of an Efficient Gene Expression Panel for Glioblastoma Classification.	10.1371/journal.pone.0164649	10.1371/journal.pone.0164649
30448611	Brain age from the electroencephalogram of sleep.	Brain age from the electroencephalogram of sleep.	10.1016/j.neurobiolaging.2018.10.016	10.1016/j.neurobiolaging.2018.10.016
30008861	Cross talk of chromosome instability, CpG island methylator phenotype and mismatch repair in colorectal cancer.	Cross talk of chromosome instability, CpG island methylator phenotype and mismatch repair in colorectal cancer.	10.3892/ol.2018.8860	10.3892/ol.2018.8860
31308377	Patient-specific cancer genes contribute to recurrently perturbed pathways and establish therapeutic vulnerabilities in esophageal adenocarcinoma.	Patient-specific cancer genes contribute to recurrently perturbed pathways and establish therapeutic vulnerabilities in esophageal adenocarcinoma.	10.1038/s41467-019-10898-3	10.1038/s41467-019-10898-3
30769139	Identifying mutation positions in all segments of influenza genome enables better differentiation between pandemic and seasonal strains.	Identifying mutation positions in all segments of influenza genome enables better differentiation between pandemic and seasonal strains.	10.1016/j.gene.2019.01.014	10.1016/j.gene.2019.01.014
32878308	Targeted Metabolic Profiling of Urine Highlights a Potential Biomarker Panel for the Diagnosis of Alzheimer's Disease and Mild Cognitive Impairment: A Pilot Study.	Targeted Metabolic Profiling of Urine Highlights a Potential Biomarker Panel for the Diagnosis of Alzheimer's Disease and Mild Cognitive Impairment: A Pilot Study.	10.3390/metabo10090357	10.3390/metabo10090357
33535965	Authoritative subspecies diagnosis tool for European honey bees based on ancestry informative SNPs.	Authoritative subspecies diagnosis tool for European honey bees based on ancestry informative SNPs.	10.1186/s12864-021-07379-7	10.1186/s12864-021-07379-7
34419924	Nasopharyngeal metabolomics and machine learning approach for the diagnosis of influenza.	Nasopharyngeal metabolomics and machine learning approach for the diagnosis of influenza.	10.1016/j.ebiom.2021.103546	10.1016/j.ebiom.2021.103546
33679869	Construction and Comprehensive Analyses of a METTL5-Associated Prognostic Signature With Immune Implication in Lung Adenocarcinomas.	Construction and Comprehensive Analyses of a METTL5-Associated Prognostic Signature With Immune Implication in Lung Adenocarcinomas.	10.3389/fgene.2020.617174	10.3389/fgene.2020.617174
29133589	Precision Oncology beyond Targeted Therapy: Combining Omics Data with Machine Learning Matches the Majority of Cancer Cells to Effective Therapeutics.	Precision Oncology beyond Targeted Therapy: Combining Omics Data with Machine Learning Matches the Majority of Cancer Cells to Effective Therapeutics.	10.1158/1541-7786.mcr-17-0378	10.1158/1541-7786.mcr-17-0378
30950198	A directed learning strategy integrating multiple omic data improves genomic prediction.	A directed learning strategy integrating multiple omic data improves genomic prediction.	10.1111/pbi.13117	10.1111/pbi.13117
30970017	Estimation of the breadth of CD4bs targeting HIV antibodies by molecular modeling and machine learning.	Estimation of the breadth of CD4bs targeting HIV antibodies by molecular modeling and machine learning.	10.1371/journal.pcbi.1006954	10.1371/journal.pcbi.1006954
31874628	scReClassify: post hoc cell type classification of single-cell rNA-seq data.	scReClassify: post hoc cell type classification of single-cell rNA-seq data.	10.1186/s12864-019-6305-x	10.1186/s12864-019-6305-x
30590545	Supervised machine learning for the prediction of infection on admission to hospital: a prospective observational cohort study.	Supervised machine learning for the prediction of infection on admission to hospital: a prospective observational cohort study.	10.1093/jac/dky514	10.1093/jac/dky514
32324731	BioConceptVec: Creating and evaluating literature-based biomedical concept embeddings on a large scale.	BioConceptVec: Creating and evaluating literature-based biomedical concept embeddings on a large scale.	10.1371/journal.pcbi.1007617	10.1371/journal.pcbi.1007617
34297718	Machine learning reveals mesenchymal breast carcinoma cell adaptation in response to matrix stiffness.	Machine learning reveals mesenchymal breast carcinoma cell adaptation in response to matrix stiffness.	10.1371/journal.pcbi.1009193	10.1371/journal.pcbi.1009193
32286325	Computational analysis of pathological images enables a better diagnosis of TFE3 Xp11.2 translocation renal cell carcinoma.	Computational analysis of pathological images enables a better diagnosis of TFE3 Xp11.2 translocation renal cell carcinoma.	10.1038/s41467-020-15671-5	10.1038/s41467-020-15671-5
26746583	High-Content Analysis of Breast Cancer Using Single-Cell Deep Transfer Learning.	High-Content Analysis of Breast Cancer Using Single-Cell Deep Transfer Learning.	10.1177/1087057115623451	10.1177/1087057115623451
29219069	A boosting approach for prediction of protein-RNA binding residues.	A boosting approach for prediction of protein-RNA binding residues.	10.1186/s12859-017-1879-2	10.1186/s12859-017-1879-2
25404408	What do all the (human) micro-RNAs do?	What do all the (human) micro-RNAs do?	10.1186/1471-2164-15-976	10.1186/1471-2164-15-976
33465072	Genome-wide prediction of topoisomerase IIβ binding by architectural factors and chromatin accessibility.	Genome-wide prediction of topoisomerase IIβ binding by architectural factors and chromatin accessibility.	10.1371/journal.pcbi.1007814	10.1371/journal.pcbi.1007814
33953203	Regression plane concept for analysing continuous cellular processes with machine learning.	Regression plane concept for analysing continuous cellular processes with machine learning.	10.1038/s41467-021-22866-x	10.1038/s41467-021-22866-x
33354569	PmDNE: Prediction of miRNA-Disease Association Based on Network Embedding and Network Similarity Analysis.	PmDNE: Prediction of miRNA-Disease Association Based on Network Embedding and Network Similarity Analysis.	10.1155/2020/6248686	10.1155/2020/6248686
33995917	Identifying the minimum amplicon sequence depth to adequately predict classes in eDNA-based marine biomonitoring using supervised machine learning.	Identifying the minimum amplicon sequence depth to adequately predict classes in eDNA-based marine biomonitoring using supervised machine learning.	10.1016/j.csbj.2021.04.005	10.1016/j.csbj.2021.04.005
32753502	Genome-Wide Analysis of RNA Decay in the Cyanobacterium <i>Synechococcus</i> sp. Strain PCC 7002.	Genome-Wide Analysis of RNA Decay in the Cyanobacterium <i>Synechococcus</i> sp. Strain PCC 7002.	10.1128/msystems.00224-20	10.1128/msystems.00224-20
33425719	Intratumoral and Peritumoral Radiomics of Contrast-Enhanced CT for Prediction of Disease-Free Survival and Chemotherapy Response in Stage II/III Gastric Cancer.	Intratumoral and Peritumoral Radiomics of Contrast-Enhanced CT for Prediction of Disease-Free Survival and Chemotherapy Response in Stage II/III Gastric Cancer.	10.3389/fonc.2020.552270	10.3389/fonc.2020.552270
33169030	Modeling behaviorally relevant neural dynamics enabled by preferential subspace identification.	Modeling behaviorally relevant neural dynamics enabled by preferential subspace identification.	10.1038/s41593-020-00733-0	10.1038/s41593-020-00733-0
28881974	Large-scale structure prediction by improved contact predictions and model quality assessment.	Large-scale structure prediction by improved contact predictions and model quality assessment.	10.1093/bioinformatics/btx239	10.1093/bioinformatics/btx239
27222432	Cox process representation and inference for stochastic reaction-diffusion processes.	Cox process representation and inference for stochastic reaction-diffusion processes.	10.1038/ncomms11729	10.1038/ncomms11729
32858131	Interplay between oxidative damage, the redox status, and metabolic biomarkers during long-term fasting.	Interplay between oxidative damage, the redox status, and metabolic biomarkers during long-term fasting.	10.1016/j.fct.2020.111701	10.1016/j.fct.2020.111701
30877925	Metabolome-based signature of disease pathology in MS.	Metabolome-based signature of disease pathology in MS.	10.1016/j.msard.2019.03.006	10.1016/j.msard.2019.03.006
